date,year,week,r0_average,r0_conf_95_low,r0_conf_95_high,H_cumulative,H_new,ICU_cummulative,ICU_new,I_cumulative,I_new,D_cumulative,D_new,V_1_cumulative,V_2_cumulative,V_1_new,V_2_new,vaccine_supply_new,alpha_s,alpha_e1,alpha_e2,alpha_a,alpha_i,w_c1,w_c2,w_c3,w_c4,
2/21/2020,2020 ,  8 ,3.1,2.4,3.9,0,0,0,0,1,1,0,0,0,0,0,0,0,1,1,1,1,0.1,0.31,0.24,0.16,0.29,
2/22/2020,2020 ,  8 ,3.1,2.4,3.9,0,0,0,0,1,0,0,0,0,0,0,0,0,1,1,1,1,0.1,0.31,0.24,0.16,0.29,
2/23/2020,2020 ,  9 ,3.1,2.4,3.9,0,0,0,0,1,0,0,0,0,0,0,0,0,1,1,1,1,0.1,0.31,0.24,0.16,0.29,
2/24/2020,2020 ,  9 ,3.1,2.4,3.9,0,0,0,0,1,0,0,0,0,0,0,0,0,1,1,1,1,0.1,0.31,0.24,0.16,0.29,
2/25/2020,2020 ,  9 ,3.1,2.4,3.9,0,0,0,0,1,0,0,0,0,0,0,0,0,1,1,1,1,0.1,0.31,0.24,0.16,0.29,
2/26/2020,2020 ,  9 ,3.1,2.4,3.9,0,0,0,0,4,3,0,0,0,0,0,0,0,1,1,1,1,0.1,0.31,0.24,0.16,0.29,
2/27/2020,2020 ,  9 ,3.1,2.4,3.9,0,0,0,0,6,2,0,0,0,0,0,0,0,1,1,1,1,0.1,0.31,0.24,0.16,0.29,
2/28/2020,2020 ,  9 ,3.1,2.4,3.9,0,0,0,0,15,9,0,0,0,0,0,0,0,1,1,1,1,0.1,0.31,0.24,0.16,0.29,
2/29/2020,2020 ,  9 ,3.1,2.4,3.9,0,0,0,0,21,6,0,0,0,0,0,0,0,1,1,1,1,0.1,0.31,0.24,0.16,0.29,
3/1/2020,2020 ,  10 ,3.1,2.4,3.9,0,0,0,0,31,10,0,0,0,0,0,0,0,1,1,1,1,0.1,0.31,0.24,0.16,0.29,
3/2/2020,2020 ,  10 ,3.1,2.4,3.9,0,0,0,0,43,12,0,0,0,0,0,0,0,1,1,1,1,0.1,0.31,0.24,0.16,0.29,
3/3/2020,2020 ,  10 ,3.1,2.4,3.9,0,0,0,0,74,31,0,0,0,0,0,0,0,1,1,1,1,0.1,0.31,0.24,0.16,0.29,
3/4/2020,2020 ,  10 ,3.1,2.4,3.9,0,0,0,0,107,33,0,0,0,0,0,0,0,1,1,1,1,0.1,0.31,0.24,0.16,0.29,
3/5/2020,2020 ,  10 ,3.1,2.4,3.9,0,0,0,0,140,33,0,0,0,0,0,0,0,1,1,1,1,0.1,0.31,0.24,0.16,0.29,
3/6/2020,2020 ,  10 ,3.1,2.4,3.9,1,1,0,0,164,24,0,0,0,0,0,0,0,1,1,1,1,0.1,0.31,0.24,0.16,0.29,
3/7/2020,2020 ,  10 ,3.1,2.4,3.9,1,0,0,0,184,20,0,0,0,0,0,0,0,1,1,1,1,0.1,0.31,0.24,0.16,0.29,
3/8/2020,2020 ,  11 ,3.1,2.4,3.9,2,1,0,0,249,65,0,0,0,0,0,0,0,1,1,1,1,0.1,0.31,0.24,0.16,0.29,
3/9/2020,2020 ,  11 ,3.1,2.4,3.9,5,3,0,0,496,247,0,0,0,0,0,0,0,1,1,1,1,0.1,0.31,0.24,0.16,0.29,
3/10/2020,2020 ,  11 ,3.1,2.4,3.9,12,7,3,3,737,241,0,0,0,0,0,0,0,1,1,1,1,0.1,0.31,0.24,0.16,0.29,
3/11/2020,2020 ,  11 ,3.1,2.4,3.9,20,8,5,2,912,175,0,0,0,0,0,0,0,1,1,1,1,0.1,0.31,0.24,0.16,0.29,
3/12/2020,2020 ,  11 ,3.1,2.4,3.9,24,4,6,1,1118,206,0,0,0,0,0,0,0,1,1,1,1,0.1,0.31,0.24,0.16,0.29,
3/13/2020,2020 ,  11 ,3.1,2.4,3.9,33,9,7,1,1265,147,1,1,0,0,0,0,0,1,1,1,1,0.1,0.31,0.24,0.16,0.29,
3/14/2020,2020 ,  11 ,3.1,2.4,3.9,44,11,8,1,1365,100,2,1,0,0,0,0,0,1,1,1,1,0.1,0.31,0.24,0.16,0.29,
3/15/2020,2020 ,  12 ,0.5,0.4,0.6,52,8,11,3,1464,99,2,0,0,0,0,0,0,1,1,1,1,0.1,0.31,0.24,0.16,0.29,
3/16/2020,2020 ,  12 ,0.5,0.4,0.6,71,19,17,6,1644,180,3,1,0,0,0,0,0,1,1,1,1,0.1,0.31,0.24,0.16,0.29,
3/17/2020,2020 ,  12 ,0.5,0.4,0.6,90,19,21,4,1820,176,3,0,0,0,0,0,0,1,1,1,1,0.1,0.31,0.24,0.16,0.29,
3/18/2020,2020 ,  12 ,0.5,0.4,0.6,114,24,26,5,2033,213,3,0,0,0,0,0,0,1,1,1,1,0.1,0.31,0.24,0.16,0.29,
3/19/2020,2020 ,  12 ,0.5,0.4,0.6,152,38,32,6,2272,239,6,3,0,0,0,0,0,1,1,1,1,0.1,0.31,0.24,0.16,0.29,
3/20/2020,2020 ,  12 ,0.5,0.4,0.6,184,32,41,9,2580,308,7,1,0,0,0,0,0,1,1,1,1,0.1,0.31,0.24,0.16,0.29,
3/21/2020,2020 ,  12 ,0.5,0.4,0.6,212,28,47,6,2754,174,7,0,0,0,0,0,0,1,1,1,1,0.1,0.31,0.24,0.16,0.29,
3/22/2020,2020 ,  13 ,0.5,0.4,0.6,240,28,55,8,2902,148,7,0,0,0,0,0,0,1,1,1,1,0.1,0.5,0.5,0.5,0.5,
3/23/2020,2020 ,  13 ,0.5,0.4,0.6,283,43,66,11,3198,296,8,1,0,0,0,0,0,1,1,1,1,0.1,0.5,0.5,0.5,0.5,
3/24/2020,2020 ,  13 ,0.5,0.4,0.6,329,46,80,14,3511,313,10,2,0,0,0,0,0,1,1,1,1,0.1,0.5,0.5,0.5,0.5,
3/25/2020,2020 ,  13 ,0.5,0.4,0.6,389,60,97,17,3803,292,12,2,0,0,0,0,0,1,1,1,1,0.1,0.5,0.5,0.5,0.5,
3/26/2020,2020 ,  13 ,0.5,0.4,0.6,434,45,106,9,4100,297,14,2,0,0,0,0,0,1,1,1,1,0.1,0.5,0.5,0.5,0.5,
3/27/2020,2020 ,  13 ,0.5,0.4,0.6,470,36,119,13,4362,262,16,2,0,0,0,0,0,1,1,1,1,0.1,0.5,0.5,0.5,0.5,
3/28/2020,2020 ,  13 ,0.5,0.4,0.6,504,34,126,7,4528,166,20,4,0,0,0,0,0,1,1,1,1,0.1,0.5,0.5,0.5,0.5,
3/29/2020,2020 ,  14 ,0.5,0.4,0.6,528,24,132,6,4634,106,22,2,0,0,0,0,0,1,1,1,1,0.1,0.31,0.24,0.16,0.29,
3/30/2020,2020 ,  14 ,0.5,0.4,0.6,561,33,142,10,4898,264,26,4,0,0,0,0,0,1,1,1,1,0.1,0.31,0.24,0.16,0.29,
3/31/2020,2020 ,  14 ,0.5,0.4,0.6,599,38,149,7,5106,208,28,2,0,0,0,0,0,1,1,1,1,0.1,0.31,0.24,0.16,0.29,
4/1/2020,2020 ,  14 ,0.5,0.4,0.6,626,27,153,4,5304,198,32,4,0,0,0,0,0,1,1,1,1,0.1,0.31,0.24,0.16,0.29,
4/2/2020,2020 ,  14 ,0.5,0.4,0.6,663,37,157,4,5502,198,42,10,0,0,0,0,0,1,1,1,1,0.1,0.31,0.24,0.16,0.29,
4/3/2020,2020 ,  14 ,0.5,0.4,0.6,684,21,162,5,5666,164,42,0,0,0,0,0,0,1,1,1,1,0.1,0.31,0.24,0.16,0.29,
4/4/2020,2020 ,  14 ,0.5,0.4,0.6,711,27,165,3,5754,88,50,8,0,0,0,0,0,1,1,1,1,0.1,0.31,0.24,0.16,0.29,
4/5/2020,2020 ,  15 ,0.5,0.4,0.6,725,14,169,4,5826,72,58,8,0,0,0,0,0,1,1,1,1,0.1,0.31,0.24,0.16,0.29,
4/6/2020,2020 ,  15 ,0.5,0.4,0.6,744,19,170,1,5985,159,58,0,0,0,0,0,0,1,1,1,1,0.1,0.31,0.24,0.16,0.29,
4/7/2020,2020 ,  15 ,0.5,0.4,0.6,758,14,172,2,6125,140,69,11,0,0,0,0,0,1,1,1,1,0.1,0.31,0.24,0.16,0.29,
4/8/2020,2020 ,  15 ,0.5,0.4,0.6,780,22,174,2,6231,106,69,0,0,0,0,0,0,1,1,1,1,0.1,0.31,0.24,0.16,0.29,
4/9/2020,2020 ,  15 ,0.5,0.4,0.6,790,10,176,2,6334,103,88,19,0,0,0,0,0,1,1,1,1,0.1,0.31,0.24,0.16,0.29,
4/10/2020,2020 ,  15 ,0.5,0.4,0.6,796,6,178,2,6402,68,88,0,0,0,0,0,0,1,1,1,1,0.1,0.31,0.24,0.16,0.29,
4/11/2020,2020 ,  15 ,0.5,0.4,0.6,807,11,180,2,6511,109,98,10,0,0,0,0,0,1,1,1,1,0.1,0.31,0.24,0.16,0.29,
4/12/2020,2020 ,  16 ,0.5,0.4,0.6,816,9,181,1,6587,76,103,5,0,0,0,0,0,1,1,1,1,0.1,0.31,0.24,0.16,0.29,
4/13/2020,2020 ,  16 ,0.5,0.4,0.6,826,10,181,0,6664,77,114,11,0,0,0,0,0,1,1,1,1,0.1,0.31,0.24,0.16,0.29,
4/14/2020,2020 ,  16 ,0.5,0.4,0.6,837,11,183,2,6786,122,127,13,0,0,0,0,0,1,1,1,1,0.1,0.31,0.24,0.16,0.29,
4/15/2020,2020 ,  16 ,0.5,0.4,0.6,849,12,187,4,6889,103,130,3,0,0,0,0,0,1,1,1,1,0.1,0.31,0.24,0.16,0.29,
4/16/2020,2020 ,  16 ,0.5,0.4,0.6,853,4,190,3,6969,80,136,6,0,0,0,0,0,1,1,1,1,0.1,0.31,0.24,0.16,0.29,
4/17/2020,2020 ,  16 ,0.5,0.4,0.6,868,15,191,1,7077,108,137,1,0,0,0,0,0,1,1,1,1,0.1,0.31,0.24,0.16,0.29,
4/18/2020,2020 ,  16 ,0.5,0.4,0.6,877,9,193,2,7126,49,148,11,0,0,0,0,0,1,1,1,1,0.1,0.31,0.24,0.16,0.29,
4/19/2020,2020 ,  17 ,0.5,0.4,0.6,882,5,196,3,7162,36,154,6,0,0,0,0,0,1,1,1,1,0.1,0.31,0.24,0.16,0.29,
4/20/2020,2020 ,  17 ,0.6,0.2,1,887,5,197,1,7246,84,154,0,0,0,0,0,0,1,1,1,1,0.1,0.31,0.24,0.16,0.29,
4/21/2020,2020 ,  17 ,0.6,0.2,1,891,4,198,1,7324,78,163,9,0,0,0,0,0,1,1,1,1,0.1,0.31,0.24,0.16,0.29,
4/22/2020,2020 ,  17 ,0.6,0.2,1,899,8,201,3,7401,77,169,6,0,0,0,0,0,1,1,1,1,0.1,0.31,0.24,0.16,0.29,
4/23/2020,2020 ,  17 ,0.6,0.2,1,904,5,205,4,7470,69,180,11,0,0,0,0,0,1,1,1,1,0.1,0.31,0.24,0.16,0.29,
4/24/2020,2020 ,  17 ,0.6,0.2,1,912,8,207,2,7523,53,191,11,0,0,0,0,0,1,1,1,1,0.1,0.31,0.24,0.16,0.29,
4/25/2020,2020 ,  17 ,0.6,0.2,1,916,4,208,1,7548,25,191,0,0,0,0,0,0,1,1,1,1,0.1,0.31,0.24,0.16,0.29,
4/26/2020,2020 ,  18 ,0.6,0.2,1,922,6,209,1,7585,37,191,0,0,0,0,0,0,1,1,1,1,0.1,2,2,2,2,x
4/27/2020,2020 ,  18 ,0.6,0.2,1,924,2,210,1,7656,71,193,2,0,0,0,0,0,1,1,1,1,0.1,2,2,2,2,
4/28/2020,2020 ,  18 ,0.6,0.2,1,931,7,211,1,7706,50,195,2,0,0,0,0,0,1,1,1,1,0.1,2,2,2,2,
4/29/2020,2020 ,  18 ,0.6,0.2,1,931,0,211,0,7745,39,202,7,0,0,0,0,0,1,1,1,1,0.1,2,2,2,2,
4/30/2020,2020 ,  18 ,0.6,0.2,1,933,2,211,0,7784,39,204,2,0,0,0,0,0,1,1,1,1,0.1,2,2,2,2,
5/1/2020,2020 ,  18 ,0.6,0.2,1,935,2,212,1,7827,43,204,0,0,0,0,0,0,1,1,1,1,0.1,2,2,2,2,
5/2/2020,2020 ,  18 ,0.6,0.2,1,937,2,212,0,7850,23,204,0,0,0,0,0,0,1,1,1,1,0.1,2,2,2,2,
5/3/2020,2020 ,  19 ,0.6,0.2,1,938,1,212,0,7894,44,204,0,0,0,0,0,0,1,1,1,1,0.1,0.31,0.24,0.16,0.29,
5/4/2020,2020 ,  19 ,0.6,0.2,1,940,2,212,0,7939,45,208,4,0,0,0,0,0,1,1,1,1,0.1,0.31,0.24,0.16,0.29,
5/5/2020,2020 ,  19 ,0.6,0.2,1,943,3,213,1,7982,43,209,1,0,0,0,0,0,1,1,1,1,0.1,0.31,0.24,0.16,0.29,
5/6/2020,2020 ,  19 ,0.6,0.2,1,947,4,214,1,8021,39,209,0,0,0,0,0,0,1,1,1,1,0.1,0.31,0.24,0.16,0.29,
5/7/2020,2020 ,  19 ,0.6,0.2,1,949,2,214,0,8050,29,209,0,0,0,0,0,0,1,1,1,1,0.1,0.31,0.24,0.16,0.29,
5/8/2020,2020 ,  19 ,0.6,0.2,1,953,4,215,1,8092,42,213,4,0,0,0,0,0,1,1,1,1,0.1,0.31,0.24,0.16,0.29,
5/9/2020,2020 ,  19 ,0.6,0.2,1,954,1,215,0,8103,11,213,0,0,0,0,0,0,1,1,1,1,0.1,0.31,0.24,0.16,0.29,
5/10/2020,2020 ,  20 ,0.6,0.2,1,955,1,216,1,8115,12,213,0,0,0,0,0,0,1,1,1,1,0.1,0.31,0.24,0.16,0.29,
5/11/2020,2020 ,  20 ,0.7,0.2,1.1,957,2,217,1,8138,23,224,11,0,0,0,0,0,1,1,1,1,0.1,0.31,0.24,0.16,0.29,
5/12/2020,2020 ,  20 ,0.7,0.2,1.1,960,3,217,0,8157,19,228,4,0,0,0,0,0,1,1,1,1,0.1,0.31,0.24,0.16,0.29,
5/13/2020,2020 ,  20 ,0.7,0.2,1.1,963,3,217,0,8176,19,229,1,0,0,0,0,0,1,1,1,1,0.1,0.31,0.24,0.16,0.29,
5/14/2020,2020 ,  20 ,0.7,0.2,1.1,965,2,217,0,8199,23,232,3,0,0,0,0,0,1,1,1,1,0.1,0.31,0.24,0.16,0.29,
5/15/2020,2020 ,  20 ,0.7,0.2,1.1,966,1,218,1,8220,21,232,0,0,0,0,0,0,1,1,1,1,0.1,0.31,0.24,0.16,0.29,
5/16/2020,2020 ,  20 ,0.7,0.2,1.1,966,0,219,1,8233,13,232,0,0,0,0,0,0,1,1,1,1,0.1,0.31,0.24,0.16,0.29,
5/17/2020,2020 ,  21 ,0.7,0.2,1.1,966,0,219,0,8237,4,232,0,0,0,0,0,0,1,1,1,1,0.1,0.31,0.24,0.16,0.29,
5/18/2020,2020 ,  21 ,0.7,0.2,1.1,971,5,219,0,8254,17,233,1,0,0,0,0,0,1,1,1,1,0.1,0.31,0.24,0.16,0.29,
5/19/2020,2020 ,  21 ,0.7,0.2,1.1,972,1,219,0,8274,20,233,0,0,0,0,0,0,1,1,1,1,0.1,0.31,0.24,0.16,0.29,
5/20/2020,2020 ,  21 ,0.7,0.2,1.1,973,1,219,0,8293,19,234,1,0,0,0,0,0,1,1,1,1,0.1,0.31,0.24,0.16,0.29,
5/21/2020,2020 ,  21 ,0.7,0.2,1.1,975,2,219,0,8307,14,234,0,0,0,0,0,0,1,1,1,1,0.1,0.31,0.24,0.16,0.29,
5/22/2020,2020 ,  21 ,0.7,0.2,1.1,976,1,220,1,8333,26,235,1,0,0,0,0,0,1,1,1,1,0.1,0.31,0.24,0.16,0.29,
5/23/2020,2020 ,  21 ,0.7,0.2,1.1,976,0,220,0,8339,6,235,0,0,0,0,0,0,1,1,1,1,0.1,0.31,0.24,0.16,0.29,
5/24/2020,2020 ,  22 ,0.7,0.2,1.1,976,0,220,0,8345,6,235,0,0,0,0,0,0,1,1,1,1,0.1,0.31,0.24,0.16,0.29,
5/25/2020,2020 ,  22 ,0.7,0.2,1.1,976,0,220,0,8363,18,235,0,0,0,0,0,0,1,1,1,1,0.1,0.31,0.24,0.16,0.29,
5/26/2020,2020 ,  22 ,0.7,0.2,1.1,977,1,220,0,8375,12,235,0,0,0,0,0,0,1,1,1,1,0.1,0.31,0.24,0.16,0.29,
5/27/2020,2020 ,  22 ,0.7,0.2,1.1,981,4,220,0,8393,18,235,0,0,0,0,0,0,1,1,1,1,0.1,0.31,0.24,0.16,0.29,
5/28/2020,2020 ,  22 ,0.7,0.2,1.1,983,2,220,0,8409,16,236,1,0,0,0,0,0,1,1,1,1,0.1,0.31,0.24,0.16,0.29,
5/29/2020,2020 ,  22 ,0.7,0.2,1.1,984,1,221,1,8425,16,236,0,0,0,0,0,0,1,1,1,1,0.1,0.31,0.24,0.16,0.29,
5/30/2020,2020 ,  22 ,0.7,0.2,1.1,984,0,221,0,8425,0,236,0,0,0,0,0,0,1,1,1,1,0.1,0.31,0.24,0.16,0.29,
5/31/2020,2020 ,  23 ,0.7,0.2,1.1,986,2,221,0,8431,6,236,0,0,0,0,0,0,1,1,1,1,0.1,0.31,0.24,0.16,0.29,
6/1/2020,2020 ,  23 ,0.7,0.2,1.1,987,1,221,0,8438,7,236,0,0,0,0,0,0,1,1,1,1,0.1,0.31,0.24,0.16,0.29,
6/2/2020,2020 ,  23 ,0.7,0.2,1.1,987,0,222,1,8469,31,237,1,0,0,0,0,0,1,1,1,1,0.1,0.31,0.24,0.16,0.29,
6/3/2020,2020 ,  23 ,0.7,0.2,1.1,987,0,222,0,8481,12,237,0,0,0,0,0,0,1,1,1,1,0.1,0.31,0.24,0.16,0.29,
6/4/2020,2020 ,  23 ,0.7,0.2,1.1,987,0,222,0,8498,17,238,1,0,0,0,0,0,1,1,1,1,0.1,0.31,0.24,0.16,0.29,
6/5/2020,2020 ,  23 ,0.7,0.2,1.1,988,1,222,0,8528,30,238,0,0,0,0,0,0,1,1,1,1,0.1,0.31,0.24,0.16,0.29,
6/6/2020,2020 ,  23 ,0.7,0.2,1.1,988,0,222,0,8536,8,238,0,0,0,0,0,0,1,1,1,1,0.1,0.31,0.24,0.16,0.29,
6/7/2020,2020 ,  24 ,0.7,0.2,1.1,988,0,222,0,8545,9,238,0,0,0,0,0,0,1,1,1,1,0.1,0.31,0.24,0.16,0.29,
6/8/2020,2020 ,  24 ,0.7,0.2,1.1,989,1,222,0,8563,18,239,1,0,0,0,0,0,1,1,1,1,0.1,0.31,0.24,0.16,0.29,
6/9/2020,2020 ,  24 ,0.7,0.2,1.1,991,2,222,0,8576,13,239,0,0,0,0,0,0,1,1,1,1,0.1,0.31,0.24,0.16,0.29,
6/10/2020,2020 ,  24 ,0.7,0.2,1.1,992,1,222,0,8590,14,239,0,0,0,0,0,0,1,1,1,1,0.1,0.31,0.24,0.16,0.29,
6/11/2020,2020 ,  24 ,0.7,0.2,1.1,994,2,224,2,8601,11,242,3,0,0,0,0,0,1,1,1,1,0.1,0.31,0.24,0.16,0.29,
6/12/2020,2020 ,  24 ,0.7,0.2,1.1,995,1,224,0,8614,13,242,0,0,0,0,0,0,1,1,1,1,0.1,0.31,0.24,0.16,0.29,
6/13/2020,2020 ,  24 ,0.7,0.2,1.1,995,0,225,1,8621,7,242,0,0,0,0,0,0,1,1,1,1,0.1,0.31,0.24,0.16,0.29,
6/14/2020,2020 ,  25 ,0.7,0.2,1.1,996,1,226,1,8627,6,242,0,0,0,0,0,0,1,1,1,1,0.1,0.31,0.24,0.16,0.29,
6/15/2020,2020 ,  25 ,0.7,0.2,1.1,997,1,226,0,8645,18,242,0,0,0,0,0,0,1,1,1,1,0.1,0.31,0.24,0.16,0.29,
6/16/2020,2020 ,  25 ,0.7,0.2,1.1,998,1,226,0,8681,36,242,0,0,0,0,0,0,1,1,1,1,0.1,0.31,0.24,0.16,0.29,
6/17/2020,2020 ,  25 ,0.7,0.2,1.1,1001,3,226,0,8696,15,242,0,0,0,0,0,0,1,1,1,1,0.1,0.31,0.24,0.16,0.29,
6/18/2020,2020 ,  25 ,0.7,0.2,1.1,1002,1,226,0,8709,13,244,2,0,0,0,0,0,1,1,1,1,0.1,0.31,0.24,0.16,0.29,
6/19/2020,2020 ,  25 ,0.7,0.2,1.1,1003,1,228,2,8727,18,244,0,0,0,0,0,0,1,1,1,1,0.1,0.31,0.24,0.16,0.29,
6/20/2020,2020 ,  25 ,0.7,0.2,1.1,1003,0,228,0,8733,6,244,0,0,0,0,0,0,1,1,1,1,0.1,0.31,0.24,0.16,0.29,
6/21/2020,2020 ,  26 ,0.7,0.2,1.1,1003,0,228,0,8737,4,244,0,0,0,0,0,0,1,1,1,1,0.1,0.31,0.24,0.16,0.29,
6/22/2020,2020 ,  26 ,0.7,0.2,1.1,1005,2,228,0,8764,27,244,0,0,0,0,0,0,1,1,1,1,0.1,0.31,0.24,0.16,0.29,
6/23/2020,2020 ,  26 ,0.7,0.2,1.1,1006,1,228,0,8777,13,248,4,0,0,0,0,0,1,1,1,1,0.1,0.31,0.24,0.16,0.29,
6/24/2020,2020 ,  26 ,0.7,0.2,1.1,1008,2,228,0,8798,21,249,1,0,0,0,0,0,1,1,1,1,0.1,0.31,0.24,0.16,0.29,
6/25/2020,2020 ,  26 ,0.7,0.2,1.1,1009,1,228,0,8815,17,249,0,0,0,0,0,0,1,1,1,1,0.1,0.31,0.24,0.16,0.29,
6/26/2020,2020 ,  26 ,0.7,0.2,1.1,1012,3,228,0,8837,22,249,0,0,0,0,0,0,1,1,1,1,0.1,0.31,0.24,0.16,0.29,
6/27/2020,2020 ,  26 ,0.7,0.2,1.1,1014,2,228,0,8847,10,249,0,0,0,0,0,0,1,1,1,1,0.1,0.31,0.24,0.16,0.29,
6/28/2020,2020 ,  27 ,0.7,0.2,1.1,1016,2,228,0,8848,1,249,0,0,0,0,0,0,1,1,1,1,0.1,0.31,0.24,0.16,0.29,
6/29/2020,2020 ,  27 ,0.7,0.2,1.1,1016,0,228,0,8874,26,249,0,0,0,0,0,0,1,1,1,1,0.1,0.31,0.24,0.16,0.29,
6/30/2020,2020 ,  27 ,0.7,0.2,1.1,1018,2,229,1,8884,10,250,1,0,0,0,0,0,1,1,1,1,0.1,0.31,0.24,0.16,0.29,
7/1/2020,2020 ,  27 ,1,0.4,1.7,1018,0,229,0,8892,8,251,1,0,0,0,0,0,1,1,1,1,0.1,0.31,0.24,0.16,0.29,
7/2/2020,2020 ,  27 ,1,0.4,1.7,1020,2,229,0,8901,9,251,0,0,0,0,0,0,1,1,1,1,0.1,0.31,0.24,0.16,0.29,
7/3/2020,2020 ,  27 ,1,0.4,1.7,1021,1,229,0,8911,10,251,0,0,0,0,0,0,1,1,1,1,0.1,0.31,0.24,0.16,0.29,
7/4/2020,2020 ,  27 ,1,0.4,1.7,1021,0,229,0,8913,2,251,0,0,0,0,0,0,1,1,1,1,0.1,0.31,0.24,0.16,0.29,
7/5/2020,2020 ,  28 ,1,0.4,1.7,1022,1,229,0,8914,1,251,0,0,0,0,0,0,1,1,1,1,0.1,0.31,0.24,0.16,0.29,
7/6/2020,2020 ,  28 ,1,0.4,1.7,1022,0,229,0,8928,14,251,0,0,0,0,0,0,1,1,1,1,0.1,0.31,0.24,0.16,0.29,
7/7/2020,2020 ,  28 ,1,0.4,1.7,1022,0,230,1,8938,10,251,0,0,0,0,0,0,1,1,1,1,0.1,0.31,0.24,0.16,0.29,
7/8/2020,2020 ,  28 ,1,0.4,1.7,1023,1,230,0,8949,11,251,0,0,0,0,0,0,1,1,1,1,0.1,0.31,0.24,0.16,0.29,
7/9/2020,2020 ,  28 ,1,0.4,1.7,1023,0,230,0,8957,8,252,1,0,0,0,0,0,1,1,1,1,0.1,0.31,0.24,0.16,0.29,
7/10/2020,2020 ,  28 ,1,0.4,1.7,1023,0,230,0,8970,13,252,0,0,0,0,0,0,1,1,1,1,0.1,0.31,0.24,0.16,0.29,
7/11/2020,2020 ,  28 ,1,0.4,1.7,1024,1,230,0,8974,4,252,0,0,0,0,0,0,1,1,1,1,0.1,0.31,0.24,0.16,0.29,
7/12/2020,2020 ,  29 ,1,0.4,1.7,1024,0,230,0,8979,5,252,0,0,0,0,0,0,1,1,1,1,0.1,0.31,0.24,0.16,0.29,
7/13/2020,2020 ,  29 ,1,0.4,1.7,1026,2,230,0,8998,19,253,1,0,0,0,0,0,1,1,1,1,0.1,0.31,0.24,0.16,0.29,
7/14/2020,2020 ,  29 ,1,0.4,1.7,1026,0,230,0,9006,8,253,0,0,0,0,0,0,1,1,1,1,0.1,0.31,0.24,0.16,0.29,
7/15/2020,2020 ,  29 ,1,0.4,1.7,1027,1,230,0,9012,6,253,0,0,0,0,0,0,1,1,1,1,0.1,0.31,0.24,0.16,0.29,
7/16/2020,2020 ,  29 ,1,0.4,1.7,1029,2,230,0,9016,4,254,1,0,0,0,0,0,1,1,1,1,0.1,0.31,0.24,0.16,0.29,
7/17/2020,2020 ,  29 ,1,0.4,1.7,1030,1,231,1,9028,12,255,1,0,0,0,0,0,1,1,1,1,0.1,0.31,0.24,0.16,0.29,
7/18/2020,2020 ,  29 ,1,0.4,1.7,1032,2,231,0,9029,1,255,0,0,0,0,0,0,1,1,1,1,0.1,0.31,0.24,0.16,0.29,
7/19/2020,2020 ,  30 ,1,0.4,1.7,1032,0,231,0,9032,3,255,0,0,0,0,0,0,1,1,1,1,0.1,0.31,0.24,0.16,0.29,
7/20/2020,2020 ,  30 ,1,0.4,1.7,1032,0,231,0,9053,21,255,0,0,0,0,0,0,1,1,1,1,0.1,0.31,0.24,0.16,0.29,
7/21/2020,2020 ,  30 ,1,0.4,1.7,1032,0,231,0,9059,6,255,0,0,0,0,0,0,1,1,1,1,0.1,0.31,0.24,0.16,0.29,
7/22/2020,2020 ,  30 ,1,0.4,1.7,1032,0,231,0,9081,22,255,0,0,0,0,0,0,1,1,1,1,0.1,0.31,0.24,0.16,0.29,
7/23/2020,2020 ,  30 ,1,0.4,1.7,1032,0,231,0,9087,6,255,0,0,0,0,0,0,1,1,1,1,0.1,0.31,0.24,0.16,0.29,
7/24/2020,2020 ,  30 ,1,0.4,1.7,1034,2,232,1,9111,24,255,0,0,0,0,0,0,1,1,1,1,0.1,0.31,0.24,0.16,0.29,
7/25/2020,2020 ,  30 ,1,0.4,1.7,1034,0,232,0,9117,6,255,0,0,0,0,0,0,1,1,1,1,0.1,0.31,0.24,0.16,0.29,
7/26/2020,2020 ,  31 ,1,0.4,1.7,1035,1,232,0,9126,9,255,0,0,0,0,0,0,1,1,1,1,0.1,0.31,0.24,0.16,0.29,
7/27/2020,2020 ,  31 ,1,0.4,1.7,1036,1,232,0,9150,24,255,0,0,0,0,0,0,1,1,1,1,0.1,0.31,0.24,0.16,0.29,
7/28/2020,2020 ,  31 ,1,0.4,1.7,1036,0,232,0,9166,16,255,0,0,0,0,0,0,1,1,1,1,0.1,0.31,0.24,0.16,0.29,
7/29/2020,2020 ,  31 ,1,0.4,1.7,1036,0,232,0,9203,37,255,0,0,0,0,0,0,1,1,1,1,0.1,0.31,0.24,0.16,0.29,
7/30/2020,2020 ,  31 ,1,0.4,1.7,1038,2,232,0,9226,23,255,0,0,0,0,0,0,1,1,1,1,0.1,0.31,0.24,0.16,0.29,
7/31/2020,2020 ,  31 ,1,0.4,1.7,1043,5,232,0,9298,72,255,0,0,0,0,0,0,1,1,1,1,0.1,0.31,0.24,0.16,0.29,
8/1/2020,2020 ,  31 ,1,0.6,1.4,1045,2,232,0,9311,13,255,0,0,0,0,0,0,1,1,1,1,0.1,0.31,0.24,0.16,0.29,
8/2/2020,2020 ,  32 ,1,0.6,1.4,1046,1,232,0,9324,13,255,0,0,0,0,0,0,1,1,1,1,0.1,0.31,0.24,0.16,0.29,
8/3/2020,2020 ,  32 ,1,0.6,1.4,1048,2,232,0,9362,38,256,1,0,0,0,0,0,1,1,1,1,0.1,0.31,0.24,0.16,0.29,
8/4/2020,2020 ,  32 ,1,0.6,1.4,1049,1,232,0,9402,40,256,0,0,0,0,0,0,1,1,1,1,0.1,0.31,0.24,0.16,0.29,
8/5/2020,2020 ,  32 ,1,0.6,1.4,1054,5,232,0,9468,66,256,0,0,0,0,0,0,1,1,1,1,0.1,0.31,0.24,0.16,0.29,
8/6/2020,2020 ,  32 ,1,0.6,1.4,1056,2,232,0,9546,78,256,0,0,0,0,0,0,1,1,1,1,0.1,0.31,0.24,0.16,0.29,
8/7/2020,2020 ,  32 ,1,0.6,1.4,1057,1,233,1,9625,79,256,0,0,0,0,0,0,1,1,1,1,0.1,0.31,0.24,0.16,0.29,
8/8/2020,2020 ,  32 ,1,0.6,1.4,1060,3,233,0,9660,35,256,0,0,0,0,0,0,1,1,1,1,0.1,0.31,0.24,0.16,0.29,
8/9/2020,2020 ,  33 ,1,0.6,1.4,1062,2,233,0,9694,34,256,0,0,0,0,0,0,1,1,1,1,0.1,0.31,0.24,0.16,0.29,
8/10/2020,2020 ,  33 ,1,0.6,1.4,1065,3,233,0,9757,63,256,0,0,0,0,0,0,1,1,1,1,0.1,0.31,0.24,0.16,0.29,
8/11/2020,2020 ,  33 ,1,0.6,1.4,1066,1,233,0,9799,42,256,0,0,0,0,0,0,1,1,1,1,0.1,0.31,0.24,0.16,0.29,
8/12/2020,2020 ,  33 ,1,0.6,1.4,1066,0,233,0,9862,63,256,0,0,0,0,0,0,1,1,1,1,0.1,0.31,0.24,0.16,0.29,
8/13/2020,2020 ,  33 ,1,0.6,1.4,1066,0,234,1,9916,54,257,1,0,0,0,0,0,1,1,1,1,0.1,0.31,0.24,0.16,0.29,
8/14/2020,2020 ,  33 ,1,0.6,1.4,1067,1,234,0,9992,76,261,4,0,0,0,0,0,1,1,1,1,0.1,0.31,0.24,0.16,0.29,
8/15/2020,2020 ,  33 ,1,0.6,1.4,1070,3,234,0,10035,43,261,0,0,0,0,0,0,1,1,1,1,0.1,0.31,0.24,0.16,0.29,
8/16/2020,2020 ,  34 ,1,0.6,1.4,1072,2,234,0,10062,27,261,0,0,0,0,0,0,1,1,1,1,0.1,0.31,0.24,0.16,0.29,
8/17/2020,2020 ,  34 ,1,0.6,1.4,1073,1,234,0,10136,74,261,0,0,0,0,0,0,1,1,1,1,0.1,0.31,0.24,0.16,0.29,
8/18/2020,2020 ,  34 ,1,0.6,1.4,1074,1,234,0,10194,58,262,1,0,0,0,0,0,1,1,1,1,0.1,0.31,0.24,0.16,0.29,
8/19/2020,2020 ,  34 ,1,0.6,1.4,1075,1,234,0,10254,60,262,0,0,0,0,0,0,1,1,1,1,0.1,0.31,0.24,0.16,0.29,
8/20/2020,2020 ,  34 ,1,0.6,1.4,1078,3,234,0,10304,50,264,2,0,0,0,0,0,1,1,1,1,0.1,0.31,0.24,0.16,0.29,
8/21/2020,2020 ,  34 ,1,0.6,1.4,1081,3,235,1,10357,53,264,0,0,0,0,0,0,1,1,1,1,0.1,0.31,0.24,0.16,0.29,
8/22/2020,2020 ,  34 ,1,0.6,1.4,1083,2,235,0,10402,45,264,0,0,0,0,0,0,1,1,1,1,0.1,0.31,0.24,0.16,0.29,
8/23/2020,2020 ,  35 ,1,0.6,1.4,1084,1,235,0,10421,19,264,0,0,0,0,0,0,1,1,1,1,0.1,0.31,0.24,0.16,0.29,
8/24/2020,2020 ,  35 ,1,0.6,1.4,1087,3,235,0,10488,67,264,0,0,0,0,0,0,1,1,1,1,0.1,0.31,0.24,0.16,0.29,
8/25/2020,2020 ,  35 ,1,0.6,1.4,1088,1,235,0,10530,42,264,0,0,0,0,0,0,1,1,1,1,0.1,0.31,0.24,0.16,0.29,
8/26/2020,2020 ,  35 ,1,0.6,1.4,1090,2,235,0,10570,40,264,0,0,0,0,0,0,1,1,1,1,0.1,0.31,0.24,0.16,0.29,
8/27/2020,2020 ,  35 ,1,0.6,1.4,1093,3,235,0,10622,52,264,0,0,0,0,0,0,1,1,1,1,0.1,0.31,0.24,0.16,0.29,
8/28/2020,2020 ,  35 ,1,0.6,1.4,1095,2,236,1,10706,84,264,0,0,0,0,0,0,1,1,1,1,0.1,0.31,0.24,0.16,0.29,
8/29/2020,2020 ,  35 ,1,0.6,1.4,1096,1,236,0,10747,41,264,0,0,0,0,0,0,1,1,1,1,0.1,0.31,0.24,0.16,0.29,
8/30/2020,2020 ,  36 ,1,0.6,1.4,1096,0,236,0,10797,50,264,0,0,0,0,0,0,1,1,1,1,0.1,0.31,0.24,0.16,0.29,
8/31/2020,2020 ,  36 ,1,0.6,1.4,1097,1,236,0,10945,148,264,0,0,0,0,0,0,1,1,1,1,0.1,0.31,0.24,0.16,0.29,
9/1/2020,2020 ,  36 ,1,0.7,1.2,1099,2,236,0,11060,115,264,0,0,0,0,0,0,1,1,1,1,0.1,0.31,0.24,0.16,0.29,
9/2/2020,2020 ,  36 ,1,0.7,1.2,1101,2,236,0,11161,101,264,0,0,0,0,0,0,1,1,1,1,0.1,0.31,0.24,0.16,0.29,
9/3/2020,2020 ,  36 ,1,0.7,1.2,1103,2,236,0,11286,125,264,0,0,0,0,0,0,1,1,1,1,0.1,0.31,0.24,0.16,0.29,
9/4/2020,2020 ,  36 ,1,0.7,1.2,1106,3,236,0,11405,119,264,0,0,0,0,0,0,1,1,1,1,0.1,0.31,0.24,0.16,0.29,
9/5/2020,2020 ,  36 ,1,0.7,1.2,1106,0,237,1,11478,73,264,0,0,0,0,0,0,1,1,1,1,0.1,0.31,0.24,0.16,0.29,
9/6/2020,2020 ,  37 ,1,0.7,1.2,1108,2,237,0,11538,60,264,0,0,0,0,0,0,1,1,1,1,0.1,0.31,0.24,0.16,0.29,
9/7/2020,2020 ,  37 ,1,0.7,1.2,1112,4,237,0,11670,132,264,0,0,0,0,0,0,1,1,1,1,0.1,0.31,0.24,0.16,0.29,
9/8/2020,2020 ,  37 ,1,0.7,1.2,1114,2,237,0,11783,113,264,0,0,0,0,0,0,1,1,1,1,0.1,0.31,0.24,0.16,0.29,
9/9/2020,2020 ,  37 ,1,0.7,1.2,1118,4,237,0,11907,124,264,0,0,0,0,0,0,1,1,1,1,0.1,0.31,0.24,0.16,0.29,
9/10/2020,2020 ,  37 ,1,0.7,1.2,1122,4,237,0,12039,132,265,1,0,0,0,0,0,1,1,1,1,0.1,0.31,0.24,0.16,0.29,
9/11/2020,2020 ,  37 ,1,0.7,1.2,1125,3,237,0,12157,118,265,0,0,0,0,0,0,1,1,1,1,0.1,0.31,0.24,0.16,0.29,
9/12/2020,2020 ,  37 ,1,0.7,1.2,1127,2,238,1,12224,67,265,0,0,0,0,0,0,1,1,1,1,0.1,0.31,0.24,0.16,0.29,
9/13/2020,2020 ,  38 ,1,0.7,1.2,1128,1,239,1,12302,78,265,0,0,0,0,0,0,1,1,1,1,0.1,0.31,0.24,0.16,0.29,
9/14/2020,2020 ,  38 ,1,0.7,1.2,1134,6,240,1,12406,104,265,0,0,0,0,0,0,1,1,1,1,0.1,0.31,0.24,0.16,0.29,
9/15/2020,2020 ,  38 ,1,0.7,1.2,1135,1,241,1,12538,132,265,0,0,0,0,0,0,1,1,1,1,0.1,0.31,0.24,0.16,0.29,
9/16/2020,2020 ,  38 ,1,0.7,1.2,1139,4,241,0,12675,137,265,0,0,0,0,0,0,1,1,1,1,0.1,0.31,0.24,0.16,0.29,
9/17/2020,2020 ,  38 ,1,0.7,1.2,1141,2,241,0,12791,116,266,1,0,0,0,0,0,1,1,1,1,0.1,0.31,0.24,0.16,0.29,
9/18/2020,2020 ,  38 ,1,0.7,1.2,1144,3,241,0,12885,94,267,1,0,0,0,0,0,1,1,1,1,0.1,0.31,0.24,0.16,0.29,
9/19/2020,2020 ,  38 ,1,0.7,1.2,1149,5,241,0,12943,58,267,0,0,0,0,0,0,1,1,1,1,0.1,0.31,0.24,0.16,0.29,
9/20/2020,2020 ,  39 ,1,0.7,1.2,1151,2,241,0,13020,77,267,0,0,0,0,0,0,1,1,1,1,0.1,0.31,0.24,0.16,0.29,
9/21/2020,2020 ,  39 ,1,0.7,1.2,1154,3,242,1,13183,163,267,0,0,0,0,0,0,1,1,1,1,0.1,0.31,0.24,0.16,0.29,
9/22/2020,2020 ,  39 ,1,0.7,1.2,1157,3,242,0,13284,101,267,0,0,0,0,0,0,1,1,1,1,0.1,0.31,0.24,0.16,0.29,
9/23/2020,2020 ,  39 ,1,0.7,1.2,1160,3,243,1,13427,143,267,0,0,0,0,0,0,1,1,1,1,0.1,0.31,0.24,0.16,0.29,
9/24/2020,2020 ,  39 ,1,0.7,1.2,1163,3,243,0,13560,133,270,3,0,0,0,0,0,1,1,1,1,0.1,0.31,0.24,0.16,0.29,
9/25/2020,2020 ,  39 ,1,0.7,1.2,1164,1,244,1,13690,130,270,0,0,0,0,0,0,1,1,1,1,0.1,0.31,0.24,0.16,0.29,
9/26/2020,2020 ,  39 ,1,0.7,1.2,1165,1,244,0,13753,63,270,0,0,0,0,0,0,1,1,1,1,0.1,0.31,0.24,0.16,0.29,
9/27/2020,2020 ,  40 ,1,0.7,1.2,1166,1,244,0,13807,54,270,0,0,0,0,0,0,1,1,1,1,0.1,2,2,2,2,
9/28/2020,2020 ,  40 ,1,0.7,1.2,1172,6,245,1,13931,124,274,4,0,0,0,0,0,1,1,1,1,0.1,2,2,2,2,
9/29/2020,2020 ,  40 ,1,0.7,1.2,1176,4,245,0,14041,110,274,0,0,0,0,0,0,1,1,1,1,0.1,2,2,2,2,
9/30/2020,2020 ,  40 ,1,0.7,1.2,1179,3,245,0,14159,118,274,0,0,0,0,0,0,1,1,1,1,0.1,2,2,2,2,
10/1/2020,2020 ,  40 ,1.2,1,1.5,1184,5,246,1,14290,131,274,0,0,0,0,0,0,1,1,1,1,0.1,2,2,2,2,
10/2/2020,2020 ,  40 ,1.2,1,1.5,1188,4,246,0,14424,134,275,1,0,0,0,0,0,1,1,1,1,0.1,2,2,2,2,
10/3/2020,2020 ,  40 ,1.2,1,1.5,1188,0,246,0,14534,110,275,0,0,0,0,0,0,1,1,1,1,0.1,2,2,2,2,
10/4/2020,2020 ,  41 ,1.2,1,1.5,1189,1,247,1,14623,89,275,0,0,0,0,0,0,1,1,1,1,0.1,0.31,0.24,0.16,0.29,
10/5/2020,2020 ,  41 ,1.2,1,1.5,1191,2,247,0,14829,206,275,0,0,0,0,0,0,1,1,1,1,0.1,0.31,0.24,0.16,0.29,
10/6/2020,2020 ,  41 ,1.2,1,1.5,1192,1,247,0,15027,198,275,0,0,0,0,0,0,1,1,1,1,0.1,0.31,0.24,0.16,0.29,
10/7/2020,2020 ,  41 ,1.2,1,1.5,1197,5,249,2,15226,199,275,0,0,0,0,0,0,1,1,1,1,0.1,0.31,0.24,0.16,0.29,
10/8/2020,2020 ,  41 ,1.2,1,1.5,1200,3,249,0,15394,168,275,0,0,0,0,0,0,1,1,1,1,0.1,0.31,0.24,0.16,0.29,
10/9/2020,2020 ,  41 ,1.2,1,1.5,1210,10,249,0,15535,141,275,0,0,0,0,0,0,1,1,1,1,0.1,0.31,0.24,0.16,0.29,
10/10/2020,2020 ,  41 ,1.2,1,1.5,1214,4,249,0,15600,65,275,0,0,0,0,0,0,1,1,1,1,0.1,0.31,0.24,0.16,0.29,
10/11/2020,2020 ,  42 ,1.2,1,1.5,1221,7,249,0,15678,78,275,0,0,0,0,0,0,1,1,1,1,0.1,0.31,0.24,0.16,0.29,
10/12/2020,2020 ,  42 ,1.2,1,1.5,1225,4,250,1,15843,165,276,1,0,0,0,0,0,1,1,1,1,0.1,0.31,0.24,0.16,0.29,
10/13/2020,2020 ,  42 ,1.2,1,1.5,1227,2,251,1,15998,155,277,1,0,0,0,0,0,1,1,1,1,0.1,0.31,0.24,0.16,0.29,
10/14/2020,2020 ,  42 ,1.2,1,1.5,1228,1,252,1,16160,162,277,0,0,0,0,0,0,1,1,1,1,0.1,0.31,0.24,0.16,0.29,
10/15/2020,2020 ,  42 ,1.2,1,1.5,1231,3,252,0,16300,140,278,1,0,0,0,0,0,1,1,1,1,0.1,0.31,0.24,0.16,0.29,
10/16/2020,2020 ,  42 ,1.2,1,1.5,1236,5,252,0,16437,137,278,0,0,0,0,0,0,1,1,1,1,0.1,0.31,0.24,0.16,0.29,
10/17/2020,2020 ,  42 ,1.2,1,1.5,1240,4,254,2,16525,88,278,0,0,0,0,0,0,1,1,1,1,0.1,0.31,0.24,0.16,0.29,
10/18/2020,2020 ,  43 ,1.2,1,1.5,1243,3,255,1,16618,93,278,0,0,0,0,0,0,1,1,1,1,0.1,0.31,0.24,0.16,0.29,
10/19/2020,2020 ,  43 ,1.2,1,1.5,1244,1,256,1,16836,218,278,0,0,0,0,0,0,1,1,1,1,0.1,0.31,0.24,0.16,0.29,
10/20/2020,2020 ,  43 ,1.2,1,1.5,1252,8,256,0,17017,181,278,0,0,0,0,0,0,1,1,1,1,0.1,0.31,0.24,0.16,0.29,
10/21/2020,2020 ,  43 ,1.2,1,1.5,1262,10,257,1,17237,220,279,1,0,0,0,0,0,1,1,1,1,0.1,0.31,0.24,0.16,0.29,
10/22/2020,2020 ,  43 ,1.2,1,1.5,1267,5,259,2,17522,285,279,0,0,0,0,0,0,1,1,1,1,0.1,0.31,0.24,0.16,0.29,
10/23/2020,2020 ,  43 ,1.2,1,1.5,1271,4,259,0,17889,367,279,0,0,0,0,0,0,1,1,1,1,0.1,0.31,0.24,0.16,0.29,
10/24/2020,2020 ,  43 ,1.2,1,1.5,1278,7,260,1,18120,231,279,0,0,0,0,0,0,1,1,1,1,0.1,0.31,0.24,0.16,0.29,
10/25/2020,2020 ,  44 ,1.2,1,1.5,1286,8,260,0,18322,202,279,0,0,0,0,0,0,1,1,1,1,0.1,0.31,0.24,0.16,0.29,
10/26/2020,2020 ,  44 ,1.3,1.1,1.5,1298,12,261,1,18806,484,279,0,0,0,0,0,0,1,1,1,1,0.1,0.31,0.24,0.16,0.29,
10/27/2020,2020 ,  44 ,1.3,1.1,1.5,1303,5,263,2,19197,391,280,1,0,0,0,0,0,1,1,1,1,0.1,0.31,0.24,0.16,0.29,
10/28/2020,2020 ,  44 ,1.3,1.1,1.5,1310,7,263,0,19711,514,280,0,0,0,0,0,0,1,1,1,1,0.1,0.31,0.24,0.16,0.29,
10/29/2020,2020 ,  44 ,1.3,1.1,1.5,1323,13,264,1,20142,431,281,1,0,0,0,0,0,1,1,1,1,0.1,0.31,0.24,0.16,0.29,
10/30/2020,2020 ,  44 ,1.3,1.1,1.5,1329,6,265,1,20757,615,282,1,0,0,0,0,0,1,1,1,1,0.1,0.31,0.24,0.16,0.29,
10/31/2020,2020 ,  44 ,1.3,1.1,1.5,1335,6,265,0,21141,384,282,0,0,0,0,0,0,1,1,1,1,0.1,0.31,0.24,0.16,0.29,
11/1/2020,2020 ,  45 ,1.3,1.1,1.5,1340,5,265,0,21463,322,282,0,0,0,0,0,0,1,1,1,1,0.1,0.31,0.24,0.16,0.29,
11/2/2020,2020 ,  45 ,1.3,1.1,1.5,1353,13,267,2,22109,646,282,0,0,0,0,0,0,1,1,1,1,0.1,0.31,0.24,0.16,0.29,
11/3/2020,2020 ,  45 ,1.3,1.1,1.5,1371,18,273,6,22791,682,282,0,0,0,0,0,0,1,1,1,1,0.1,0.31,0.24,0.16,0.29,
11/4/2020,2020 ,  45 ,1.3,1.1,1.5,1380,9,275,2,23481,690,282,0,0,0,0,0,0,1,1,1,1,0.1,0.31,0.24,0.16,0.29,
11/5/2020,2020 ,  45 ,0.8,0.7,0.9,1398,18,278,3,24083,602,284,2,0,0,0,0,0,1,1,1,1,0.1,0.31,0.24,0.16,0.29,
11/6/2020,2020 ,  45 ,0.8,0.7,0.9,1416,18,281,3,24732,649,285,1,0,0,0,0,0,1,1,1,1,0.1,0.31,0.24,0.16,0.29,
11/7/2020,2020 ,  45 ,0.8,0.7,0.9,1428,12,281,0,25121,389,285,0,0,0,0,0,0,1,1,1,1,0.1,0.31,0.24,0.16,0.29,
11/8/2020,2020 ,  46 ,0.8,0.7,0.9,1438,10,282,1,25505,384,285,0,0,0,0,0,0,1,1,1,1,0.1,0.5,0.5,0.5,0.5,
11/9/2020,2020 ,  46 ,0.8,0.7,0.9,1453,15,283,1,26211,706,285,0,0,0,0,0,0,1,1,1,1,0.1,0.5,0.5,0.5,0.5,
11/10/2020,2020 ,  46 ,0.8,0.7,0.9,1466,13,284,1,26812,601,285,0,0,0,0,0,0,1,1,1,1,0.1,0.5,0.5,0.5,0.5,
11/11/2020,2020 ,  46 ,0.8,0.7,0.9,1487,21,287,3,27474,662,285,0,0,0,0,0,0,1,1,1,1,0.1,0.5,0.5,0.5,0.5,
11/12/2020,2020 ,  46 ,0.8,0.7,0.9,1505,18,291,4,28111,637,291,6,0,0,0,0,0,1,1,1,1,0.1,0.5,0.5,0.5,0.5,
11/13/2020,2020 ,  46 ,0.8,0.7,0.9,1525,20,292,1,28808,697,294,3,0,0,0,0,0,1,1,1,1,0.1,0.5,0.5,0.5,0.5,
11/14/2020,2020 ,  46 ,0.8,0.7,0.9,1535,10,296,4,29186,378,294,0,0,0,0,0,0,1,1,1,1,0.1,0.5,0.5,0.5,0.5,
11/15/2020,2020 ,  47 ,0.8,0.7,0.9,1548,13,300,4,29591,405,294,0,0,0,0,0,0,1,1,1,1,0.1,0.31,0.24,0.16,0.29,
11/16/2020,2020 ,  47 ,0.8,0.7,0.9,1567,19,304,4,30311,720,294,0,0,0,0,0,0,1,1,1,1,0.1,0.31,0.24,0.16,0.29,
11/17/2020,2020 ,  47 ,0.8,0.7,0.9,1583,16,308,4,30944,633,298,4,0,0,0,0,0,1,1,1,1,0.1,0.31,0.24,0.16,0.29,
11/18/2020,2020 ,  47 ,0.8,0.7,0.9,1595,12,310,2,31594,650,299,1,0,0,0,0,0,1,1,1,1,0.1,0.31,0.24,0.16,0.29,
11/19/2020,2020 ,  47 ,0.8,0.7,0.9,1611,16,314,4,32157,563,305,6,0,0,0,0,0,1,1,1,1,0.1,0.31,0.24,0.16,0.29,
11/20/2020,2020 ,  47 ,0.8,0.7,0.9,1624,13,316,2,32675,518,306,1,0,0,0,0,0,1,1,1,1,0.1,0.31,0.24,0.16,0.29,
11/21/2020,2020 ,  47 ,0.8,0.7,0.9,1642,18,320,4,32963,288,306,0,0,0,0,0,0,1,1,1,1,0.1,0.31,0.24,0.16,0.29,
11/22/2020,2020 ,  48 ,0.8,0.7,0.9,1657,15,324,4,33242,279,306,0,0,0,0,0,0,1,1,1,1,0.1,0.31,0.24,0.16,0.29,
11/23/2020,2020 ,  48 ,0.8,0.7,0.9,1672,15,326,2,33850,608,306,0,0,0,0,0,0,1,1,1,1,0.1,0.31,0.24,0.16,0.29,
11/24/2020,2020 ,  48 ,0.8,0.7,0.9,1685,13,328,2,34263,413,306,0,0,0,0,0,0,1,1,1,1,0.1,0.31,0.24,0.16,0.29,
11/25/2020,2020 ,  48 ,0.8,0.7,0.9,1704,19,331,3,34776,513,311,5,0,0,0,0,0,1,1,1,1,0.1,0.31,0.24,0.16,0.29,
11/26/2020,2020 ,  48 ,0.8,0.7,0.9,1714,10,332,1,35253,477,314,3,0,0,0,0,0,1,1,1,1,0.1,0.31,0.24,0.16,0.29,
11/27/2020,2020 ,  48 ,0.8,0.7,0.9,1731,17,333,1,35698,445,316,2,0,0,0,0,0,1,1,1,1,0.1,0.31,0.24,0.16,0.29,
11/28/2020,2020 ,  48 ,0.8,0.7,0.9,1745,14,336,3,35934,236,316,0,0,0,0,0,0,1,1,1,1,0.1,0.31,0.24,0.16,0.29,
11/29/2020,2020 ,  49 ,0.8,0.7,0.9,1752,7,338,2,36163,229,328,12,0,0,0,0,0,1,1,1,1,0.1,2,2,2,2,
11/30/2020,2020 ,  49 ,0.8,0.7,0.9,1768,16,341,3,36611,448,332,4,0,0,0,0,0,1,1,1,1,0.1,2,2,2,2,
12/1/2020,2020 ,  49 ,1.06,1.01,1.12,1786,18,344,3,36972,361,334,2,0,0,0,0,0,1,1,1,1,0.1,2,2,2,2,
12/2/2020,2020 ,  49 ,1.06,1.01,1.12,1797,11,346,2,37392,420,351,17,0,0,0,0,0,1,1,1,1,0.1,2,2,2,2,
12/3/2020,2020 ,  49 ,1.06,1.01,1.12,1812,15,348,2,37791,399,353,2,0,0,0,0,0,1,1,1,1,0.1,2,2,2,2,
12/4/2020,2020 ,  49 ,1.06,1.01,1.12,1837,25,351,3,38170,379,354,1,0,0,0,0,0,1,1,1,1,0.1,2,2,2,2,
12/5/2020,2020 ,  49 ,1.06,1.01,1.12,1846,9,352,1,38422,252,354,0,0,0,0,0,0,1,1,1,1,0.1,2,2,2,2,
12/6/2020,2020 ,  50 ,1.06,1.01,1.12,1862,16,357,5,38684,262,354,0,0,0,0,0,0,1,1,1,1,0.1,0.31,0.24,0.16,0.29,
12/7/2020,2020 ,  50 ,1.06,1.01,1.12,1875,13,360,3,39182,498,359,5,0,0,0,0,0,1,1,1,1,0.1,0.31,0.24,0.16,0.29,
12/8/2020,2020 ,  50 ,1.06,1.01,1.12,1890,15,363,3,39574,392,361,2,0,0,0,0,0,1,1,1,1,0.1,0.31,0.24,0.16,0.29,
12/9/2020,2020 ,  50 ,1.06,1.01,1.12,1901,11,363,0,40026,452,361,0,0,0,0,0,0,1,1,1,1,0.1,0.31,0.24,0.16,0.29,
12/10/2020,2020 ,  50 ,1.06,1.01,1.12,1916,15,366,3,40461,435,382,21,0,0,0,0,0,1,1,1,1,0.1,0.31,0.24,0.16,0.29,
12/11/2020,2020 ,  50 ,1.06,1.01,1.12,1923,7,372,6,40864,403,387,5,0,0,0,0,0,1,1,1,1,0.1,0.31,0.24,0.16,0.29,
12/12/2020,2020 ,  50 ,1.06,1.01,1.12,1935,12,374,2,41119,255,387,0,0,0,0,0,0,1,1,1,1,0.1,0.31,0.24,0.16,0.29,
12/13/2020,2020 ,  51 ,1.06,1.01,1.12,1943,8,377,3,41402,283,387,0,0,0,0,0,0,1,1,1,1,0.1,0.31,0.24,0.16,0.29,
12/14/2020,2020 ,  51 ,1.06,1.01,1.12,1953,10,379,2,41946,544,393,6,0,0,0,0,0,1,1,1,1,0.1,0.31,0.24,0.16,0.29,
12/15/2020,2020 ,  51 ,1.06,1.01,1.12,1973,20,380,1,42384,438,395,2,0,0,0,0,0,1,1,1,1,0.1,0.31,0.24,0.16,0.29,
12/16/2020,2020 ,  51 ,1.06,1.01,1.12,1979,6,384,4,42834,450,402,7,0,0,0,0,0,1,1,1,1,0.1,0.31,0.24,0.16,0.29,
12/17/2020,2020 ,  51 ,1.06,1.01,1.12,1992,13,386,2,43264,430,404,2,0,0,0,0,0,1,1,1,1,0.1,0.31,0.24,0.16,0.29,
12/18/2020,2020 ,  51 ,1.06,1.01,1.12,2011,19,389,3,43737,473,404,0,0,0,0,0,0,1,1,1,1,0.1,0.31,0.24,0.16,0.29,
12/19/2020,2020 ,  51 ,1.06,1.01,1.12,2021,10,390,1,44046,309,404,0,0,0,0,0,0,1,1,1,1,0.1,0.31,0.24,0.16,0.29,
12/20/2020,2020 ,  52 ,1.06,1.01,1.12,2039,18,391,1,44345,299,404,0,0,0,0,0,0,1,1,1,1,0.1,0.31,0.24,0.16,0.29,
12/21/2020,2020 ,  52 ,1.06,1.01,1.12,2050,11,393,2,44964,619,405,1,0,0,0,0,0,1,1,1,1,0.1,0.31,0.24,0.16,0.29,
12/22/2020,2020 ,  52 ,1.06,1.01,1.12,2059,9,397,4,45525,561,405,0,0,0,0,0,0,1,1,1,1,0.1,0.31,0.24,0.16,0.29,
12/23/2020,2020 ,  52 ,1.06,1.01,1.12,2070,11,399,2,46111,586,421,16,0,0,0,0,0,1,1,1,1,0.1,0.31,0.24,0.16,0.29,
12/24/2020,2020 ,  52 ,1.06,1.01,1.12,2078,8,402,3,46401,290,421,0,0,0,0,0,0,1,1,1,1,0.1,0.31,0.24,0.16,0.29,
12/25/2020,2020 ,  52 ,1.06,1.01,1.12,2091,13,403,1,46694,293,421,0,0,0,0,0,0,1,1,1,1,0.1,0.31,0.24,0.16,0.29,
12/26/2020,2020 ,  52 ,1.06,1.01,1.12,2101,10,404,1,47160,466,421,0,0,0,0,0,0,1,1,1,1,0.1,0.31,0.24,0.16,0.29,
12/27/2020,2020 ,  53 ,1.06,1.01,1.12,2117,16,406,2,47584,424,421,0,5,0,5,0,2043,1,1,1,1,0.1,0.31,0.24,0.16,0.29,
12/28/2020,2020 ,  53 ,1.06,1.01,1.12,2140,23,408,2,48361,777,429,8,609,0,604,0,0,1,1,1,1,0.1,0.31,0.24,0.16,0.29,
12/29/2020,2020 ,  53 ,1.06,1.01,1.12,2156,16,408,0,49056,695,433,4,1676,0,1067,0,0,1,1,1,1,0.1,0.31,0.24,0.16,0.29,
12/30/2020,2020 ,  53 ,1.06,1.01,1.12,2170,14,410,2,49694,638,436,3,2103,0,427,0,0,1,1,1,1,0.1,0.31,0.24,0.16,0.29,
12/31/2020,2020 ,  53 ,1.06,1.01,1.12,2181,11,411,1,50128,434,436,0,2175,0,72,0,0,1,1,1,1,0.1,0.31,0.24,0.16,0.29,
1/1/2021,2021 ,  1 ,1.06,1.01,1.12,2196,15,414,3,50473,345,436,0,2181,0,6,0,17750,1,1,1,1,0.1,0.5,0.5,0.5,0.5,
1/2/2021,2021 ,  1 ,1.06,1.01,1.12,2206,10,416,2,50996,523,436,0,2181,0,0,0,0,1,1,1,1,0.1,0.5,0.5,0.5,0.5,
1/3/2021,2021 ,  2 ,1.06,1.01,1.12,2214,8,418,2,51439,443,436,0,2184,0,3,0,30522,1,1,1,1,0.1,0.31,0.24,0.16,0.29,
1/4/2021,2021 ,  2 ,1.06,1.01,1.12,2229,15,423,5,52376,937,449,13,2190,0,6,0,0,1,1,1,1,0.1,0.31,0.24,0.16,0.29,
1/5/2021,2021 ,  2 ,0.6,0.7,1,2238,9,427,4,53165,789,452,3,5575,0,3385,0,0,1,1,1,1,0.1,0.31,0.24,0.16,0.29,
1/6/2021,2021 ,  2 ,0.6,0.7,1,2246,8,428,1,53873,708,466,14,14644,0,9069,0,0,1,1,1,1,0.1,0.31,0.24,0.16,0.29,
1/7/2021,2021 ,  2 ,0.6,0.7,1,2265,19,430,2,54608,735,467,1,21196,0,6552,0,0,1,1,1,1,0.1,0.31,0.24,0.16,0.29,
1/8/2021,2021 ,  2 ,0.6,0.7,1,2279,14,435,5,55257,649,472,5,22812,0,1616,0,0,1,1,1,1,0.1,0.31,0.24,0.16,0.29,
1/9/2021,2021 ,  2 ,0.6,0.7,1,2295,16,438,3,55671,414,472,0,22947,0,135,0,0,1,1,1,1,0.1,0.31,0.24,0.16,0.29,
1/10/2021,2021 ,  3 ,0.6,0.7,1,2305,10,440,2,56106,435,472,0,23055,0,108,0,28470,1,1,1,1,0.1,0.31,0.24,0.16,0.29,
1/11/2021,2021 ,  3 ,0.6,0.7,1,2317,12,443,3,56744,638,478,6,23411,0,356,0,0,1,1,1,1,0.1,0.31,0.24,0.16,0.29,
1/12/2021,2021 ,  3 ,0.6,0.7,1,2334,17,443,0,57308,564,482,4,27672,0,4261,0,0,1,1,1,1,0.1,0.31,0.24,0.16,0.29,
1/13/2021,2021 ,  3 ,0.6,0.7,1,2356,22,446,3,57768,460,508,26,37462,0,9790,0,0,1,1,1,1,0.1,0.31,0.24,0.16,0.29,
1/14/2021,2021 ,  3 ,0.6,0.7,1,2367,11,449,3,58222,454,511,3,45938,0,8476,0,0,1,1,1,1,0.1,0.31,0.24,0.16,0.29,
1/15/2021,2021 ,  3 ,0.6,0.7,1,2381,14,451,2,58618,396,517,6,50418,0,4480,0,0,1,1,1,1,0.1,0.31,0.24,0.16,0.29,
1/16/2021,2021 ,  3 ,0.6,0.7,1,2390,9,454,3,58885,267,517,0,51165,0,747,0,0,1,1,1,1,0.1,0.31,0.24,0.16,0.29,
1/17/2021,2021 ,  4 ,0.6,0.7,1,2395,5,454,0,59111,226,517,0,51514,5,349,5,47618,1,1,1,1,0.1,0.31,0.24,0.16,0.29,
1/18/2021,2021 ,  4 ,0.6,0.7,1,2406,11,458,4,59557,446,521,4,52798,288,1284,283,0,1,1,1,1,0.1,0.31,0.24,0.16,0.29,
1/19/2021,2021 ,  4 ,0.6,0.7,1,2415,9,461,3,59899,342,525,4,57389,1060,4591,772,0,1,1,1,1,0.1,0.31,0.24,0.16,0.29,
1/20/2021,2021 ,  4 ,0.6,0.7,1,2431,16,461,0,60252,353,543,18,67453,1753,10064,693,0,1,1,1,1,0.1,0.31,0.24,0.16,0.29,
1/21/2021,2021 ,  4 ,0.6,0.7,1,2450,19,465,4,60597,345,544,1,75898,1922,8445,169,0,1,1,1,1,0.1,0.31,0.24,0.16,0.29,
1/22/2021,2021 ,  4 ,0.9,0.7,1,2466,16,466,1,60926,329,544,0,79215,1929,3317,7,0,1,1,1,1,0.1,0.31,0.24,0.16,0.29,
1/23/2021,2021 ,  4 ,0.9,0.7,1,2472,6,467,1,61139,213,544,0,79574,1929,359,0,0,1,1,1,1,0.1,0.31,0.24,0.16,0.29,
1/24/2021,2021 ,  5 ,0.9,0.7,1,2486,14,467,0,61328,189,544,0,79641,1929,67,0,95358,1,1,1,1,0.1,0.31,0.24,0.16,0.29,
1/25/2021,2021 ,  5 ,0.9,0.7,1,2491,5,469,2,61713,385,548,4,80222,1929,581,0,0,1,1,1,1,0.1,0.31,0.24,0.16,0.29,
1/26/2021,2021 ,  5 ,0.9,0.7,1,2499,8,469,0,61988,275,550,2,82501,4071,2279,2142,0,1,1,1,1,0.1,0.31,0.24,0.16,0.29,
1/27/2021,2021 ,  5 ,0.9,0.7,1,2503,4,469,0,62332,344,556,6,93918,11669,11417,7598,0,1,1,1,1,0.1,0.31,0.24,0.16,0.29,
1/28/2021,2021 ,  5 ,0.9,0.7,1,2512,9,473,4,62615,283,557,1,104822,18244,10904,6575,0,1,1,1,1,0.1,0.31,0.24,0.16,0.29,
1/29/2021,2021 ,  5 ,0.9,0.7,1,2524,12,473,0,62911,296,564,7,108635,20352,3813,2108,0,1,1,1,1,0.1,0.31,0.24,0.16,0.29,
1/30/2021,2021 ,  5 ,0.9,0.7,1,2527,3,475,2,63086,175,564,0,108783,20524,148,172,0,1,1,1,1,0.1,0.31,0.24,0.16,0.29,
1/31/2021,2021 ,  6 ,0.9,0.7,1,2533,6,476,1,63266,180,564,0,108886,20575,103,51,123264,1,1,1,1,0.1,2,2,2,2,
2/1/2021,2021 ,  6 ,0.9,0.7,1,2539,6,477,1,63584,318,567,3,109085,20879,199,304,0,1,1,1,1,0.1,2,2,2,2,
2/2/2021,2021 ,  6 ,0.9,0.7,1,2545,6,480,3,63875,291,568,1,115439,24023,6354,3144,0,1,1,1,1,0.1,2,2,2,2,
2/3/2021,2021 ,  6 ,0.9,0.7,1,2546,1,482,2,64199,324,574,6,140590,32357,25151,8334,0,1,1,1,1,0.1,2,2,2,2,
2/4/2021,2021 ,  6 ,0.9,0.7,1,2551,5,482,0,64452,253,582,8,166571,41051,25981,8694,0,1,1,1,1,0.1,2,2,2,2,
2/5/2021,2021 ,  6 ,0.9,0.7,1,2557,6,483,1,64740,288,582,0,177198,45922,10627,4871,0,1,1,1,1,0.1,2,2,2,2,
2/6/2021,2021 ,  6 ,0.9,0.7,1,2562,5,484,1,64938,198,582,0,178008,46659,810,737,0,1,1,1,1,0.1,2,2,2,2,
2/7/2021,2021 ,  7 ,0.9,0.7,1,2567,5,486,2,65105,167,582,0,178332,46955,324,296,71816,1,1,1,1,0.1,0.31,0.24,0.16,0.29,
2/8/2021,2021 ,  7 ,1.35,1.27,1.41,2576,9,487,1,65406,301,582,0,178455,47877,123,922,0,1,1,1,1,0.1,0.31,0.24,0.16,0.29,
2/9/2021,2021 ,  7 ,1.35,1.27,1.41,2583,7,489,2,65676,270,583,1,184000,51119,5545,3242,0,1,1,1,1,0.1,0.31,0.24,0.16,0.29,
2/10/2021,2021 ,  7 ,1.35,1.27,1.41,2590,7,489,0,65986,310,592,9,206998,59786,22998,8667,0,1,1,1,1,0.1,0.31,0.24,0.16,0.29,
2/11/2021,2021 ,  7 ,1.35,1.27,1.41,2597,7,490,1,66248,262,,,227943,68371,20945,8585,0,1,1,1,1,0.1,0.31,0.24,0.16,0.29,
2/12/2021,2021 ,  7 ,1.35,1.27,1.41,2604,7,492,2,66495,247,,,235995,71984,8052,3613,0,1,1,1,1,0.1,0.31,0.24,0.16,0.29,
2/13/2021,2021 ,  7 ,1.35,1.27,1.41,2611,7,492,0,66679,184,,,236889,72290,894,306,0,1,1,1,1,0.1,0.31,0.24,0.16,0.29,
2/14/2021,2021 ,  8 ,1.35,1.27,1.41,2613,2,493,1,66839,160,,,236999,72294,110,4,111162,1,1,1,1,0.1,0.31,0.24,0.16,0.29,
2/15/2021,2021 ,  8 ,1.35,1.27,1.41,2619,6,495,2,67170,331,,,237804,73045,805,751,0,1,1,1,1,0.1,0.31,0.24,0.16,0.29,
2/16/2021,2021 ,  8 ,1.35,1.27,1.41,2621,2,495,0,67474,304,,,243830,75221,6026,2176,0,1,1,1,1,0.1,0.31,0.24,0.16,0.29,
2/17/2021,2021 ,  8 ,1.35,1.27,1.41,2632,11,495,0,67794,320,,,265665,85428,21835,10207,0,1,1,1,1,0.1,0.31,0.24,0.16,0.29,
2/18/2021,2021 ,  8 ,1.35,1.27,1.41,2641,9,498,3,68095,301,,,284562,96256,18897,10828,0,1,1,1,1,0.1,0.31,0.24,0.16,0.29,
2/19/2021,2021 ,  8 ,1.35,1.27,1.41,2652,11,500,2,68433,338,,,295299,101056,10737,4800,0,1,1,1,1,0.1,0.31,0.24,0.16,0.29,
2/20/2021,2021 ,  8 ,1.35,1.27,1.41,2660,8,501,1,68648,215,,,295801,101230,502,174,0,1,1,1,1,0.1,0.31,0.24,0.16,0.29,
2/21/2021,2021 ,  9 ,1.35,1.27,1.41,2674,14,502,1,68868,220,,,295859,101333,58,103,104712,1,1,1,1,0.1,0.31,0.24,0.16,0.29,
2/22/2021,2021 ,  9 ,1.35,1.27,1.41,2683,9,505,3,69278,410,,,298432,101475,2573,142,0,1,1,1,1,0.1,0.31,0.24,0.16,0.29,
2/23/2021,2021 ,  9 ,1.35,1.27,1.41,2695,12,507,2,69722,444,,,304181,106681,5749,5206,0,1,1,1,1,0.1,0.31,0.24,0.16,0.29,
2/24/2021,2021 ,  9 ,1.35,1.27,1.41,2707,12,508,1,70183,461,,,315240,129043,11059,22362,0,1,1,1,1,0.1,0.31,0.24,0.16,0.29,
2/25/2021,2021 ,  9 ,1.35,1.27,1.41,2720,13,512,4,70708,525,,,326394,154196,11154,25153,0,1,1,1,1,0.1,0.31,0.24,0.16,0.29,
2/26/2021,2021 ,  9 ,1.35,1.27,1.41,2730,10,514,2,71197,489,,,334729,164131,8335,9935,0,1,1,1,1,0.1,0.31,0.24,0.16,0.29,
2/27/2021,2021 ,  9 ,1.35,1.27,1.41,2738,8,515,1,71578,381,,,335169,164334,440,203,0,1,1,1,1,0.1,0.31,0.24,0.16,0.29,
2/28/2021,2021 ,  10 ,1.35,1.27,1.41,2746,8,515,0,71969,391,,,335707,164493,538,159,117108,1,1,1,1,0.1,0.31,0.24,0.16,0.29,
3/1/2021,2021 ,  10 ,1.35,1.27,1.41,2760,14,519,4,72519,550,,,341634,164556,5927,63,0,1,1,1,1,0.1,0.31,0.24,0.16,0.29,
3/2/2021,2021 ,  10 ,1.35,1.27,1.41,2775,15,520,1,73156,637,,,352168,168380,10534,3824,0,1,1,1,1,0.1,0.31,0.24,0.16,0.29,
3/3/2021,2021 ,  10 ,1.35,1.27,1.41,2790,15,522,2,73815,659,,,369825,186452,17657,18072,0,1,1,1,1,0.1,0.31,0.24,0.16,0.29,
3/4/2021,2021 ,  10 ,1.35,1.27,1.41,2803,13,525,3,74415,600,,,386082,204944,16257,18492,0,1,1,1,1,0.1,0.31,0.24,0.16,0.29,
3/5/2021,2021 ,  10 ,1.35,1.27,1.41,2820,17,529,4,75117,702,,,397972,211483,11890,6539,0,1,1,1,1,0.1,0.31,0.24,0.16,0.29,
3/6/2021,2021 ,  10 ,1.35,1.27,1.41,2831,11,530,1,75581,464,,,398354,211963,382,480,0,1,1,1,1,0.1,0.31,0.24,0.16,0.29,
3/7/2021,2021 ,  11 ,1.35,1.27,1.41,2850,19,533,3,76153,572,,,398446,211965,92,2,69990,1,1,1,1,0.1,0.31,0.24,0.16,0.29,
3/8/2021,2021 ,  11 ,1.35,1.27,1.41,2876,26,539,6,76998,845,,,403380,212012,4934,47,0,1,1,1,1,0.1,0.31,0.24,0.16,0.29,
3/9/2021,2021 ,  11 ,1.35,1.27,1.41,2897,21,541,2,77797,799,,,415842,216284,12462,4272,0,1,1,1,1,0.1,0.31,0.24,0.16,0.29,
3/10/2021,2021 ,  11 ,1.35,1.27,1.41,2916,19,544,3,78648,851,,,436881,233509,21039,17225,0,1,1,1,1,0.1,0.31,0.24,0.16,0.29,
3/11/2021,2021 ,  11 ,1.35,1.27,1.41,2939,23,544,0,79428,780,,,448852,250085,11971,16576,0,1,1,1,1,0.1,0.31,0.24,0.16,0.29,
3/12/2021,2021 ,  11 ,1.35,1.27,1.41,2971,32,547,3,80378,950,,,451171,258393,2319,8308,0,1,1,1,1,0.1,0.31,0.24,0.16,0.29,
3/13/2021,2021 ,  11 ,1.35,1.27,1.41,2994,23,555,8,81113,735,,,451205,258698,34,305,0,1,1,1,1,0.1,0.31,0.24,0.16,0.29,
3/14/2021,2021 ,  12 ,1.35,1.27,1.41,3021,27,562,7,81810,697,,,451208,258807,3,109,121500,1,1,1,1,0.1,0.31,0.24,0.16,0.29,
3/15/2021,2021 ,  12 ,0.86,0.76,0.94,3052,31,568,6,82915,1105,,,451307,259244,99,437,0,1,1,1,1,0.1,0.31,0.24,0.16,0.29,
3/16/2021,2021 ,  12 ,0.86,0.76,0.94,3078,26,576,8,83921,1006,,,456956,259871,5649,627,0,1,1,1,1,0.1,0.31,0.24,0.16,0.29,
3/17/2021,2021 ,  12 ,0.86,0.76,0.94,3110,32,585,9,84981,1060,,,479985,261427,23029,1556,0,1,1,1,1,0.1,0.31,0.24,0.16,0.29,
3/18/2021,2021 ,  12 ,0.86,0.76,0.94,3147,37,593,8,86025,1044,,,500975,262835,20990,1408,0,1,1,1,1,0.1,0.31,0.24,0.16,0.29,
3/19/2021,2021 ,  12 ,0.86,0.76,0.94,3181,34,600,7,87025,1000,,,507728,263805,6753,970,0,1,1,1,1,0.1,0.31,0.24,0.16,0.29,
3/20/2021,2021 ,  12 ,0.86,0.76,0.94,3211,30,604,4,87733,708,,,508186,263827,458,22,0,1,1,1,1,0.1,0.31,0.24,0.16,0.29,
3/21/2021,2021 ,  13 ,0.86,0.76,0.94,3246,35,608,4,88382,649,,,508373,263895,187,68,114798,1,1,1,1,0.1,0.31,0.24,0.16,0.29,
3/22/2021,2021 ,  13 ,0.86,0.76,0.94,3275,29,610,2,89487,1105,,,509878,263980,1505,85,0,1,1,1,1,0.1,0.31,0.24,0.16,0.29,
3/23/2021,2021 ,  13 ,0.86,0.76,0.94,3311,36,621,11,90452,965,,,522972,264933,13094,953,0,1,1,1,1,0.1,0.31,0.24,0.16,0.29,
3/24/2021,2021 ,  13 ,0.86,0.76,0.94,3334,23,629,8,91453,1001,,,562037,268595,39065,3662,0,1,1,1,1,0.1,0.31,0.24,0.16,0.29,
3/25/2021,2021 ,  13 ,0.86,0.76,0.94,3367,33,635,6,92322,869,,,600721,270928,38684,2333,0,1,1,1,1,0.1,0.31,0.24,0.16,0.29,
3/26/2021,2021 ,  13 ,0.86,0.76,0.94,3397,30,642,7,93216,894,,,618046,272079,17325,1151,0,1,1,1,1,0.1,0.31,0.24,0.16,0.29,
3/27/2021,2021 ,  13 ,0.86,0.76,0.94,3423,26,648,6,93818,602,,,618639,272085,593,6,0,1,1,1,1,0.1,0.31,0.24,0.16,0.29,
3/28/2021,2021 ,  14 ,0.86,0.76,0.94,3453,30,657,9,94293,475,,,618968,272088,329,3,114798,1,1,1,1,0.1,0.31,0.24,0.16,0.29,
3/29/2021,2021 ,  14 ,0.86,0.76,0.94,3488,35,665,8,95156,863,,,623696,272114,4728,26,0,1,1,1,1,0.1,0.31,0.24,0.16,0.29,
3/30/2021,2021 ,  14 ,0.86,0.76,0.94,3525,37,672,7,96003,847,,,655666,276130,31970,4016,0,1,1,1,1,0.1,0.31,0.24,0.16,0.29,
3/31/2021,2021 ,  14 ,0.86,0.76,0.94,3551,26,683,11,96808,805,,,692082,283056,36416,6926,0,1,1,1,1,0.1,0.31,0.24,0.16,0.29,
4/1/2021,2021 ,  14 ,0.86,0.76,0.94,3573,22,688,5,97432,624,,,701491,284527,9409,1471,0,1,1,1,1,0.1,0.31,0.24,0.16,0.29,
4/2/2021,2021 ,  14 ,0.86,0.76,0.94,3608,35,693,5,98129,697,,,705785,285210,4294,683,0,1,1,1,1,0.1,0.31,0.24,0.16,0.29,
4/3/2021,2021 ,  14 ,0.86,0.76,0.94,3634,26,702,9,98739,610,,,706046,285216,261,6,0,1,1,1,1,0.1,0.31,0.24,0.16,0.29,
4/4/2021,2021 ,  15 ,0.86,0.76,0.94,3660,26,706,4,99389,650,,,706434,285259,388,43,114798,1,1,1,1,0.1,0.31,0.24,0.16,0.29,
4/5/2021,2021 ,  15 ,0.86,0.76,0.94,3687,27,709,3,100102,713,,,707750,285317,1316,58,0,1,1,1,1,0.1,0.31,0.24,0.16,0.29,
4/6/2021,2021 ,  15 ,0.86,0.76,0.94,3719,32,713,4,100987,885,,,726251,287854,18501,2537,0,1,1,1,1,0.1,0.31,0.24,0.16,0.29,
4/7/2021,2021 ,  15 ,0.86,0.76,0.94,3748,29,717,4,101831,844,,,784359,291506,58108,3652,0,1,1,1,1,0.1,0.31,0.24,0.16,0.29,
4/8/2021,2021 ,  15 ,0.86,0.76,0.94,3776,28,721,4,102578,747,,,840853,295633,56494,4127,0,1,1,1,1,0.1,0.31,0.24,0.16,0.29,
4/9/2021,2021 ,  15 ,0.86,0.76,0.94,3799,23,723,2,103242,664,,,867552,296253,26699,620,0,1,1,1,1,0.1,0.31,0.24,0.16,0.29,
4/10/2021,2021 ,  15 ,0.86,0.76,0.94,3805,6,725,2,103551,309,,,868584,296298,1032,45,0,1,1,1,1,0.1,0.31,0.24,0.16,0.29,
4/11/2021,2021 ,  16 ,0.86,0.76,0.94,3809,4,726,1,103620,69,,,869119,296302,535,4,114798,1,1,1,1,0.1,0.31,0.24,0.16,0.29,
4/12/2021,2021 ,  16 ,0.8,0.7,0.9,,,,,,,,,,,,,0,1,1,1,1,0.1,0.31,0.24,0.16,0.29,
4/13/2021,2021 ,  16 ,0.8,0.7,0.9,,,,,,,,,,,,,0,1,1,1,1,0.1,0.31,0.24,0.16,0.29,
4/14/2021,2021 ,  16 ,0.8,0.7,0.9,,,,,,,,,,,,,0,1,1,1,1,0.1,0.31,0.24,0.16,0.29,
4/15/2021,2021 ,  16 ,0.8,0.7,0.9,,,,,,,,,,,,,0,1,1,1,1,0.1,0.31,0.24,0.16,0.29,
4/16/2021,2021 ,  16 ,0.8,0.7,0.9,,,,,,,,,,,,,0,1,1,1,1,0.1,0.31,0.24,0.16,0.29,
4/17/2021,2021 ,  16 ,0.8,0.7,0.9,,,,,,,,,,,,,0,1,1,1,1,0.1,0.31,0.24,0.16,0.29,
4/18/2021,2021 ,  17 ,0.8,0.7,0.9,,,,,,,,,,,,,167500,1,1,1,1,0.1,0.31,0.24,0.16,0.29,
4/19/2021,2021 ,  17 ,0.8,0.7,0.9,,,,,,,,,,,,,0,1,1,1,1,0.1,0.31,0.24,0.16,0.29,
4/20/2021,2021 ,  17 ,0.8,0.7,0.9,,,,,,,,,,,,,0,1,1,1,1,0.1,0.31,0.24,0.16,0.29,
4/21/2021,2021 ,  17 ,0.8,0.7,0.9,,,,,,,,,,,,,0,1,1,1,1,0.1,0.31,0.24,0.16,0.29,
4/22/2021,2021 ,  17 ,0.8,0.7,0.9,,,,,,,,,,,,,0,1,1,1,1,0.1,0.31,0.24,0.16,0.29,
4/23/2021,2021 ,  17 ,0.8,0.7,0.9,,,,,,,,,,,,,0,1,1,1,1,0.1,0.31,0.24,0.16,0.29,
4/24/2021,2021 ,  17 ,0.8,0.7,0.9,,,,,,,,,,,,,0,1,1,1,1,0.1,0.31,0.24,0.16,0.29,
4/25/2021,2021 ,  18 ,0.8,0.7,0.9,,,,,,,,,,,,,167500,1,1,1,1,0.1,0.31,0.24,0.16,0.29,
4/26/2021,2021 ,  18 ,0.8,0.7,0.9,,,,,,,,,,,,,0,1,1,1,1,0.1,0.31,0.24,0.16,0.29,
4/27/2021,2021 ,  18 ,0.8,0.7,0.9,,,,,,,,,,,,,0,1,1,1,1,0.1,0.31,0.24,0.16,0.29,
4/28/2021,2021 ,  18 ,0.8,0.7,0.9,,,,,,,,,,,,,0,1,1,1,1,0.1,0.31,0.24,0.16,0.29,
4/29/2021,2021 ,  18 ,0.8,0.7,0.9,,,,,,,,,,,,,0,1,1,1,1,0.1,0.31,0.24,0.16,0.29,
4/30/2021,2021 ,  18 ,0.8,0.7,0.9,,,,,,,,,,,,,0,1,1,1,1,0.1,0.31,0.24,0.16,0.29,
5/1/2021,2021 ,  18 ,0.8,0.7,0.9,,,,,,,,,,,,,40000,1,1,1,1,0.1,0.31,0.24,0.16,0.29,
5/2/2021,2021 ,  19 ,0.8,0.7,0.9,,,,,,,,,,,,,40000,1,1,1,1,0.1,0.31,0.24,0.16,0.29,
5/3/2021,2021 ,  19 ,0.8,0.7,0.9,,,,,,,,,,,,,40000,1,1,1,1,0.1,0.31,0.24,0.16,0.29,
5/4/2021,2021 ,  19 ,0.8,0.7,0.9,,,,,,,,,,,,,40000,1,1,1,1,0.1,0.31,0.24,0.16,0.29,
5/5/2021,2021 ,  19 ,0.8,0.7,0.9,,,,,,,,,,,,,40000,1,1,1,1,0.1,0.31,0.24,0.16,0.29,
5/6/2021,2021 ,  19 ,0.8,0.7,0.9,,,,,,,,,,,,,40000,1,1,1,1,0.1,0.31,0.24,0.16,0.29,
5/7/2021,2021 ,  19 ,0.8,0.7,0.9,,,,,,,,,,,,,40000,1,1,1,1,0.1,0.31,0.24,0.16,0.29,
5/8/2021,2021 ,  19 ,1.06,1.01,1.12,,,,,,,,,,,,,40000,1,1,1,1,0.1,0.31,0.24,0.16,0.29,
5/9/2021,2021 ,  20 ,1.06,1.01,1.12,,,,,,,,,,,,,40000,1,1,1,1,0.1,0.31,0.24,0.16,0.29,
5/10/2021,2021 ,  20 ,1.06,1.01,1.12,,,,,,,,,,,,,40000,1,1,1,1,0.1,0.31,0.24,0.16,0.29,
5/11/2021,2021 ,  20 ,1.06,1.01,1.12,,,,,,,,,,,,,40000,1,1,1,1,0.1,0.31,0.24,0.16,0.29,
5/12/2021,2021 ,  20 ,1.06,1.01,1.12,,,,,,,,,,,,,40000,1,1,1,1,0.1,0.31,0.24,0.16,0.29,
5/13/2021,2021 ,  20 ,1.06,1.01,1.12,,,,,,,,,,,,,40000,1,1,1,1,0.1,0.31,0.24,0.16,0.29,
5/14/2021,2021 ,  20 ,1.06,1.01,1.12,,,,,,,,,,,,,40000,1,1,1,1,0.1,0.31,0.24,0.16,0.29,
5/15/2021,2021 ,  20 ,1.06,1.01,1.12,,,,,,,,,,,,,40000,1,1,1,1,0.1,0.31,0.24,0.16,0.29,
5/16/2021,2021 ,  21 ,1.06,1.01,1.12,,,,,,,,,,,,,40000,1,1,1,1,0.1,0.31,0.24,0.16,0.29,
5/17/2021,2021 ,  21 ,1.06,1.01,1.12,,,,,,,,,,,,,40000,1,1,1,1,0.1,0.31,0.24,0.16,0.29,
5/18/2021,2021 ,  21 ,1.06,1.01,1.12,,,,,,,,,,,,,40000,1,1,1,1,0.1,0.31,0.24,0.16,0.29,
5/19/2021,2021 ,  21 ,1.06,1.01,1.12,,,,,,,,,,,,,40000,1,1,1,1,0.1,0.31,0.24,0.16,0.29,
5/20/2021,2021 ,  21 ,1.06,1.01,1.12,,,,,,,,,,,,,40000,1,1,1,1,0.1,0.31,0.24,0.16,0.29,
5/21/2021,2021 ,  21 ,1.06,1.01,1.12,,,,,,,,,,,,,40000,1,1,1,1,0.1,0.31,0.24,0.16,0.29,
5/22/2021,2021 ,  21 ,1.06,1.01,1.12,,,,,,,,,,,,,40000,1,1,1,1,0.1,0.31,0.24,0.16,0.29,
5/23/2021,2021 ,  22 ,1.06,1.01,1.12,,,,,,,,,,,,,40000,1,1,1,1,0.1,0.31,0.24,0.16,0.29,
5/24/2021,2021 ,  22 ,1.06,1.01,1.12,,,,,,,,,,,,,40000,1,1,1,1,0.1,0.31,0.24,0.16,0.29,
5/25/2021,2021 ,  22 ,1.06,1.01,1.12,,,,,,,,,,,,,40000,1,1,1,1,0.1,0.31,0.24,0.16,0.29,
5/26/2021,2021 ,  22 ,1.06,1.01,1.12,,,,,,,,,,,,,40000,1,1,1,1,0.1,0.31,0.24,0.16,0.29,
5/27/2021,2021 ,  22 ,1.06,1.01,1.12,,,,,,,,,,,,,40000,1,1,1,1,0.1,0.31,0.24,0.16,0.29,
5/28/2021,2021 ,  22 ,1.06,1.01,1.12,,,,,,,,,,,,,40000,1,1,1,1,0.1,0.31,0.24,0.16,0.29,
5/29/2021,2021 ,  22 ,1.06,1.01,1.12,,,,,,,,,,,,,40000,1,1,1,1,0.1,0.31,0.24,0.16,0.29,
5/30/2021,2021 ,  23 ,1.06,1.01,1.12,,,,,,,,,,,,,40000,1,1,1,1,0.1,0.31,0.24,0.16,0.29,
5/31/2021,2021 ,  23 ,1.06,1.01,1.12,,,,,,,,,,,,,40000,1,1,1,1,0.1,0.31,0.24,0.16,0.29,
6/1/2021,2021 ,  23 ,1.06,1.01,1.12,,,,,,,,,,,,,47334,1,1,1,1,0.1,0.31,0.24,0.16,0.29,
6/2/2021,2021 ,  23 ,1.06,1.01,1.12,,,,,,,,,,,,,47334,1,1,1,1,0.1,0.31,0.24,0.16,0.29,
6/3/2021,2021 ,  23 ,1.06,1.01,1.12,,,,,,,,,,,,,47334,1,1,1,1,0.1,0.31,0.24,0.16,0.29,
6/4/2021,2021 ,  23 ,1.06,1.01,1.12,,,,,,,,,,,,,47334,1,1,1,1,0.1,0.31,0.24,0.16,0.29,
6/5/2021,2021 ,  23 ,1.06,1.01,1.12,,,,,,,,,,,,,47334,1,1,1,1,0.1,0.31,0.24,0.16,0.29,
6/6/2021,2021 ,  24 ,1.06,1.01,1.12,,,,,,,,,,,,,47334,1,1,1,1,0.1,0.31,0.24,0.16,0.29,
6/7/2021,2021 ,  24 ,1.06,1.01,1.12,,,,,,,,,,,,,47334,1,1,1,1,0.1,0.31,0.24,0.16,0.29,
6/8/2021,2021 ,  24 ,1.06,1.01,1.12,,,,,,,,,,,,,47334,1,1,1,1,0.1,0.31,0.24,0.16,0.29,
6/9/2021,2021 ,  24 ,1.06,1.01,1.12,,,,,,,,,,,,,47334,1,1,1,1,0.1,0.31,0.24,0.16,0.29,
6/10/2021,2021 ,  24 ,1.06,1.01,1.12,,,,,,,,,,,,,47334,1,1,1,1,0.1,0.31,0.24,0.16,0.29,
6/11/2021,2021 ,  24 ,1.06,1.01,1.12,,,,,,,,,,,,,47334,1,1,1,1,0.1,0.31,0.24,0.16,0.29,
6/12/2021,2021 ,  24 ,0.6,0.7,1,,,,,,,,,,,,,47334,1,1,1,1,0.1,0.31,0.24,0.16,0.29,
6/13/2021,2021 ,  25 ,0.6,0.7,1,,,,,,,,,,,,,47334,1,1,1,1,0.1,0.31,0.24,0.16,0.29,
6/14/2021,2021 ,  25 ,0.6,0.7,1,,,,,,,,,,,,,47334,1,1,1,1,0.1,0.31,0.24,0.16,0.29,
6/15/2021,2021 ,  25 ,0.6,0.7,1,,,,,,,,,,,,,47334,1,1,1,1,0.1,0.31,0.24,0.16,0.29,
6/16/2021,2021 ,  25 ,0.6,0.7,1,,,,,,,,,,,,,47334,1,1,1,1,0.1,0.31,0.24,0.16,0.29,
6/17/2021,2021 ,  25 ,0.6,0.7,1,,,,,,,,,,,,,47334,1,1,1,1,0.1,0.31,0.24,0.16,0.29,
6/18/2021,2021 ,  25 ,0.6,0.7,1,,,,,,,,,,,,,47334,1,1,1,1,0.1,0.31,0.24,0.16,0.29,
6/19/2021,2021 ,  25 ,0.6,0.7,1,,,,,,,,,,,,,47334,1,1,1,1,0.1,0.31,0.24,0.16,0.29,
6/20/2021,2021 ,  26 ,0.6,0.7,1,,,,,,,,,,,,,47334,1,1,1,1,0.1,0.31,0.24,0.16,0.29,
6/21/2021,2021 ,  26 ,0.6,0.7,1,,,,,,,,,,,,,47334,1,1,1,1,0.1,0.31,0.24,0.16,0.29,
6/22/2021,2021 ,  26 ,0.6,0.7,1,,,,,,,,,,,,,47334,1,1,1,1,0.1,0.31,0.24,0.16,0.29,
6/23/2021,2021 ,  26 ,0.6,0.7,1,,,,,,,,,,,,,47334,1,1,1,1,0.1,0.31,0.24,0.16,0.29,
6/24/2021,2021 ,  26 ,0.6,0.7,1,,,,,,,,,,,,,47334,1,1,1,1,0.1,0.31,0.24,0.16,0.29,
6/25/2021,2021 ,  26 ,0.6,0.7,1,,,,,,,,,,,,,47334,1,1,1,1,0.1,0.31,0.24,0.16,0.29,
6/26/2021,2021 ,  26 ,0.6,0.7,1,,,,,,,,,,,,,47334,1,1,1,1,0.1,0.31,0.24,0.16,0.29,
6/27/2021,2021 ,  27 ,0.6,0.7,1,,,,,,,,,,,,,47334,1,1,1,1,0.1,0.31,0.24,0.16,0.29,
6/28/2021,2021 ,  27 ,0.6,0.7,1,,,,,,,,,,,,,47334,1,1,1,1,0.1,0.31,0.24,0.16,0.29,
6/29/2021,2021 ,  27 ,0.9,0.7,1,,,,,,,,,,,,,47334,1,1,1,1,0.1,0.31,0.24,0.16,0.29,
6/30/2021,2021 ,  27 ,0.9,0.7,1,,,,,,,,,,,,,47334,1,1,1,1,0.1,0.31,0.24,0.16,0.29,
7/1/2021,2021 ,  27 ,0.9,0.7,1,,,,,,,,,,,,,40667,1,1,1,1,0.1,0.31,0.24,0.16,0.29,
7/2/2021,2021 ,  27 ,0.9,0.7,1,,,,,,,,,,,,,40667,1,1,1,1,0.1,0.31,0.24,0.16,0.29,
7/3/2021,2021 ,  27 ,0.9,0.7,1,,,,,,,,,,,,,40667,1,1,1,1,0.1,0.31,0.24,0.16,0.29,
7/4/2021,2021 ,  28 ,0.9,0.7,1,,,,,,,,,,,,,40667,1,1,1,1,0.1,0.31,0.24,0.16,0.29,
7/5/2021,2021 ,  28 ,0.9,0.7,1,,,,,,,,,,,,,40667,1,1,1,1,0.1,0.31,0.24,0.16,0.29,
7/6/2021,2021 ,  28 ,0.9,0.7,1,,,,,,,,,,,,,40667,1,1,1,1,0.1,0.31,0.24,0.16,0.29,
7/7/2021,2021 ,  28 ,0.9,0.7,1,,,,,,,,,,,,,40667,1,1,1,1,0.1,0.31,0.24,0.16,0.29,
7/8/2021,2021 ,  28 ,0.9,0.7,1,,,,,,,,,,,,,40667,1,1,1,1,0.1,0.31,0.24,0.16,0.29,
7/9/2021,2021 ,  28 ,0.9,0.7,1,,,,,,,,,,,,,40667,1,1,1,1,0.1,0.31,0.24,0.16,0.29,
7/10/2021,2021 ,  28 ,0.9,0.7,1,,,,,,,,,,,,,40667,1,1,1,1,0.1,0.31,0.24,0.16,0.29,
7/11/2021,2021 ,  29 ,0.9,0.7,1,,,,,,,,,,,,,40667,1,1,1,1,0.1,0.31,0.24,0.16,0.29,
7/12/2021,2021 ,  29 ,0.9,0.7,1,,,,,,,,,,,,,40667,1,1,1,1,0.1,0.31,0.24,0.16,0.29,
7/13/2021,2021 ,  29 ,0.9,0.7,1,,,,,,,,,,,,,40667,1,1,1,1,0.1,0.31,0.24,0.16,0.29,
7/14/2021,2021 ,  29 ,0.9,0.7,1,,,,,,,,,,,,,40667,1,1,1,1,0.1,0.31,0.24,0.16,0.29,
7/15/2021,2021 ,  29 ,0.9,0.7,1,,,,,,,,,,,,,40667,1,1,1,1,0.1,0.31,0.24,0.16,0.29,
7/16/2021,2021 ,  29 ,1.35,1.27,1.41,,,,,,,,,,,,,40667,1,1,1,1,0.1,0.31,0.24,0.16,0.29,
7/17/2021,2021 ,  29 ,1.35,1.27,1.41,,,,,,,,,,,,,40667,1,1,1,1,0.1,0.31,0.24,0.16,0.29,
7/18/2021,2021 ,  30 ,1.35,1.27,1.41,,,,,,,,,,,,,40667,1,1,1,1,0.1,0.31,0.24,0.16,0.29,
7/19/2021,2021 ,  30 ,1.35,1.27,1.41,,,,,,,,,,,,,40667,1,1,1,1,0.1,0.31,0.24,0.16,0.29,
7/20/2021,2021 ,  30 ,1.35,1.27,1.41,,,,,,,,,,,,,40667,1,1,1,1,0.1,0.31,0.24,0.16,0.29,
7/21/2021,2021 ,  30 ,1.35,1.27,1.41,,,,,,,,,,,,,40667,1,1,1,1,0.1,0.31,0.24,0.16,0.29,
7/22/2021,2021 ,  30 ,1.35,1.27,1.41,,,,,,,,,,,,,40667,1,1,1,1,0.1,0.31,0.24,0.16,0.29,
7/23/2021,2021 ,  30 ,1.35,1.27,1.41,,,,,,,,,,,,,40667,1,1,1,1,0.1,0.31,0.24,0.16,0.29,
7/24/2021,2021 ,  30 ,1.35,1.27,1.41,,,,,,,,,,,,,40667,1,1,1,1,0.1,0.31,0.24,0.16,0.29,
7/25/2021,2021 ,  31 ,1.35,1.27,1.41,,,,,,,,,,,,,40667,1,1,1,1,0.1,0.31,0.24,0.16,0.29,
7/26/2021,2021 ,  31 ,1.35,1.27,1.41,,,,,,,,,,,,,40667,1,1,1,1,0.1,0.31,0.24,0.16,0.29,
7/27/2021,2021 ,  31 ,1.35,1.27,1.41,,,,,,,,,,,,,40667,1,1,1,1,0.1,0.31,0.24,0.16,0.29,
7/28/2021,2021 ,  31 ,1.35,1.27,1.41,,,,,,,,,,,,,40667,1,1,1,1,0.1,0.31,0.24,0.16,0.29,
7/29/2021,2021 ,  31 ,1.35,1.27,1.41,,,,,,,,,,,,,40667,1,1,1,1,0.1,0.31,0.24,0.16,0.29,
7/30/2021,2021 ,  31 ,1.35,1.27,1.41,,,,,,,,,,,,,40667,1,1,1,1,0.1,0.31,0.24,0.16,0.29,
7/31/2021,2021 ,  31 ,1.35,1.27,1.41,,,,,,,,,,,,,40667,1,1,1,1,0.1,0.31,0.24,0.16,0.29,
8/1/2021,2021 ,  32 ,1.35,1.27,1.41,,,,,,,,,,,,,40667,1,1,1,1,0.1,0.31,0.24,0.16,0.29,
8/2/2021,2021 ,  32 ,1.35,1.27,1.41,,,,,,,,,,,,,40667,1,1,1,1,0.1,0.31,0.24,0.16,0.29,
8/3/2021,2021 ,  32 ,1.35,1.27,1.41,,,,,,,,,,,,,40667,1,1,1,1,0.1,0.31,0.24,0.16,0.29,
8/4/2021,2021 ,  32 ,1.35,1.27,1.41,,,,,,,,,,,,,40667,1,1,1,1,0.1,0.31,0.24,0.16,0.29,
8/5/2021,2021 ,  32 ,1.35,1.27,1.41,,,,,,,,,,,,,40667,1,1,1,1,0.1,0.31,0.24,0.16,0.29,
8/6/2021,2021 ,  32 ,1.35,1.27,1.41,,,,,,,,,,,,,40667,1,1,1,1,0.1,0.31,0.24,0.16,0.29,
8/7/2021,2021 ,  32 ,1.35,1.27,1.41,,,,,,,,,,,,,40667,1,1,1,1,0.1,0.31,0.24,0.16,0.29,
8/8/2021,2021 ,  33 ,1.35,1.27,1.41,,,,,,,,,,,,,40667,1,1,1,1,0.1,0.31,0.24,0.16,0.29,
8/9/2021,2021 ,  33 ,1.35,1.27,1.41,,,,,,,,,,,,,40667,1,1,1,1,0.1,0.31,0.24,0.16,0.29,
8/10/2021,2021 ,  33 ,1.35,1.27,1.41,,,,,,,,,,,,,40667,1,1,1,1,0.1,0.31,0.24,0.16,0.29,
8/11/2021,2021 ,  33 ,1.35,1.27,1.41,,,,,,,,,,,,,40667,1,1,1,1,0.1,0.31,0.24,0.16,0.29,
8/12/2021,2021 ,  33 ,1.35,1.27,1.41,,,,,,,,,,,,,40667,1,1,1,1,0.1,0.31,0.24,0.16,0.29,
8/13/2021,2021 ,  33 ,1.35,1.27,1.41,,,,,,,,,,,,,40667,1,1,1,1,0.1,0.31,0.24,0.16,0.29,
8/14/2021,2021 ,  33 ,1.35,1.27,1.41,,,,,,,,,,,,,40667,1,1,1,1,0.1,0.31,0.24,0.16,0.29,
8/15/2021,2021 ,  34 ,1.35,1.27,1.41,,,,,,,,,,,,,40667,1,1,1,1,0.1,0.31,0.24,0.16,0.29,
8/16/2021,2021 ,  34 ,1.35,1.27,1.41,,,,,,,,,,,,,40667,1,1,1,1,0.1,0.31,0.24,0.16,0.29,
8/17/2021,2021 ,  34 ,1.35,1.27,1.41,,,,,,,,,,,,,40667,1,1,1,1,0.1,0.31,0.24,0.16,0.29,
8/18/2021,2021 ,  34 ,1.35,1.27,1.41,,,,,,,,,,,,,40667,1,1,1,1,0.1,0.31,0.24,0.16,0.29,
8/19/2021,2021 ,  34 ,1.35,1.27,1.41,,,,,,,,,,,,,40667,1,1,1,1,0.1,0.31,0.24,0.16,0.29,
8/20/2021,2021 ,  34 ,0.86,0.76,0.94,,,,,,,,,,,,,40667,1,1,1,1,0.1,0.31,0.24,0.16,0.29,
8/21/2021,2021 ,  34 ,0.86,0.76,0.94,,,,,,,,,,,,,40667,1,1,1,1,0.1,0.31,0.24,0.16,0.29,
8/22/2021,2021 ,  35 ,0.86,0.76,0.94,,,,,,,,,,,,,40667,1,1,1,1,0.1,0.31,0.24,0.16,0.29,
8/23/2021,2021 ,  35 ,0.86,0.76,0.94,,,,,,,,,,,,,40667,1,1,1,1,0.1,0.31,0.24,0.16,0.29,
8/24/2021,2021 ,  35 ,0.86,0.76,0.94,,,,,,,,,,,,,40667,1,1,1,1,0.1,0.31,0.24,0.16,0.29,
8/25/2021,2021 ,  35 ,0.86,0.76,0.94,,,,,,,,,,,,,40667,1,1,1,1,0.1,0.31,0.24,0.16,0.29,
8/26/2021,2021 ,  35 ,0.86,0.76,0.94,,,,,,,,,,,,,40667,1,1,1,1,0.1,0.31,0.24,0.16,0.29,
8/27/2021,2021 ,  35 ,0.86,0.76,0.94,,,,,,,,,,,,,40667,1,1,1,1,0.1,0.31,0.24,0.16,0.29,
8/28/2021,2021 ,  35 ,0.86,0.76,0.94,,,,,,,,,,,,,40667,1,1,1,1,0.1,0.31,0.24,0.16,0.29,
8/29/2021,2021 ,  36 ,0.86,0.76,0.94,,,,,,,,,,,,,40667,1,1,1,1,0.1,0.31,0.24,0.16,0.29,
8/30/2021,2021 ,  36 ,0.86,0.76,0.94,,,,,,,,,,,,,40667,1,1,1,1,0.1,0.31,0.24,0.16,0.29,
8/31/2021,2021 ,  36 ,0.86,0.76,0.94,,,,,,,,,,,,,40667,1,1,1,1,0.1,0.31,0.24,0.16,0.29,
9/1/2021,2021 ,  36 ,0.86,0.76,0.94,,,,,,,,,,,,,40667,1,1,1,1,0.1,0.31,0.24,0.16,0.29,
9/2/2021,2021 ,  36 ,0.86,0.76,0.94,,,,,,,,,,,,,40667,1,1,1,1,0.1,0.31,0.24,0.16,0.29,
9/3/2021,2021 ,  36 ,0.86,0.76,0.94,,,,,,,,,,,,,40667,1,1,1,1,0.1,0.31,0.24,0.16,0.29,
9/4/2021,2021 ,  36 ,0.86,0.76,0.94,,,,,,,,,,,,,40667,1,1,1,1,0.1,0.31,0.24,0.16,0.29,
9/5/2021,2021 ,  37 ,0.86,0.76,0.94,,,,,,,,,,,,,40667,1,1,1,1,0.1,0.31,0.24,0.16,0.29,
9/6/2021,2021 ,  37 ,0.86,0.76,0.94,,,,,,,,,,,,,40667,1,1,1,1,0.1,0.31,0.24,0.16,0.29,
9/7/2021,2021 ,  37 ,0.86,0.76,0.94,,,,,,,,,,,,,40667,1,1,1,1,0.1,0.31,0.24,0.16,0.29,
9/8/2021,2021 ,  37 ,0.86,0.76,0.94,,,,,,,,,,,,,40667,1,1,1,1,0.1,0.31,0.24,0.16,0.29,
9/9/2021,2021 ,  37 ,0.86,0.76,0.94,,,,,,,,,,,,,40667,1,1,1,1,0.1,0.31,0.24,0.16,0.29,
9/10/2021,2021 ,  37 ,0.86,0.76,0.94,,,,,,,,,,,,,40667,1,1,1,1,0.1,0.31,0.24,0.16,0.29,
9/11/2021,2021 ,  37 ,0.86,0.76,0.94,,,,,,,,,,,,,40667,1,1,1,1,0.1,0.31,0.24,0.16,0.29,
9/12/2021,2021 ,  38 ,0.86,0.76,0.94,,,,,,,,,,,,,40667,1,1,1,1,0.1,0.31,0.24,0.16,0.29,
9/13/2021,2021 ,  38 ,0.86,0.76,0.94,,,,,,,,,,,,,40667,1,1,1,1,0.1,0.31,0.24,0.16,0.29,
9/14/2021,2021 ,  38 ,0.86,0.76,0.94,,,,,,,,,,,,,40667,1,1,1,1,0.1,0.31,0.24,0.16,0.29,
9/15/2021,2021 ,  38 ,0.86,0.76,0.94,,,,,,,,,,,,,40667,1,1,1,1,0.1,0.31,0.24,0.16,0.29,
9/16/2021,2021 ,  38 ,0.86,0.76,0.94,,,,,,,,,,,,,40667,1,1,1,1,0.1,0.31,0.24,0.16,0.29,
9/17/2021,2021 ,  38 ,0.86,0.76,0.94,,,,,,,,,,,,,40667,1,1,1,1,0.1,0.31,0.24,0.16,0.29,
9/18/2021,2021 ,  38 ,0.86,0.76,0.94,,,,,,,,,,,,,40667,1,1,1,1,0.1,0.31,0.24,0.16,0.29,
9/19/2021,2021 ,  39 ,0.86,0.76,0.94,,,,,,,,,,,,,40667,1,1,1,1,0.1,0.31,0.24,0.16,0.29,
9/20/2021,2021 ,  39 ,0.86,0.76,0.94,,,,,,,,,,,,,40667,1,1,1,1,0.1,0.31,0.24,0.16,0.29,
9/21/2021,2021 ,  39 ,0.86,0.76,0.94,,,,,,,,,,,,,40667,1,1,1,1,0.1,0.31,0.24,0.16,0.29,
9/22/2021,2021 ,  39 ,0.86,0.76,0.94,,,,,,,,,,,,,40667,1,1,1,1,0.1,0.31,0.24,0.16,0.29,
9/23/2021,2021 ,  39 ,0.86,0.76,0.94,,,,,,,,,,,,,40667,1,1,1,1,0.1,0.31,0.24,0.16,0.29,
9/24/2021,2021 ,  39 ,0.86,0.76,0.94,,,,,,,,,,,,,40667,1,1,1,1,0.1,0.31,0.24,0.16,0.29,
9/25/2021,2021 ,  39 ,0.86,0.76,0.94,,,,,,,,,,,,,40667,1,1,1,1,0.1,0.31,0.24,0.16,0.29,
9/26/2021,2021 ,  40 ,0.86,0.76,0.94,,,,,,,,,,,,,40667,1,1,1,1,0.1,0.31,0.24,0.16,0.29,
9/27/2021,2021 ,  40 ,0.86,0.76,0.94,,,,,,,,,,,,,40667,1,1,1,1,0.1,0.31,0.24,0.16,0.29,
9/28/2021,2021 ,  40 ,0.86,0.76,0.94,,,,,,,,,,,,,40667,1,1,1,1,0.1,0.31,0.24,0.16,0.29,
9/29/2021,2021 ,  40 ,0.86,0.76,0.94,,,,,,,,,,,,,40667,1,1,1,1,0.1,0.31,0.24,0.16,0.29,
9/30/2021,2021 ,  40 ,0.86,0.76,0.94,,,,,,,,,,,,,40667,1,1,1,1,0.1,0.31,0.24,0.16,0.29,
10/1/2021,2021 ,  40 ,0.86,0.76,0.94,,,,,,,,,,,,,40667,1,1,1,1,0.1,0.31,0.24,0.16,0.29,